distribution, operations, algorithm, threshold, iterations, seed, n_server, Global_sys_throughput, Cloud_throughput, Cloudlet_throughput, Global_class1_throughput, Cloud_class1_throughput, Cloudlet_class1_throughput,Global_class2_throughput, Cloud_class2_throughput, Cloudlet_class2_throughput
exponential, true, 1, -1, 50,12345,3,4.572764023208963,3.9325770599597085,0.640186963249255,2.926568974853737,2.56074785299702,0.36582112185671706,1.6461950483552268,1.371829206962689,0.27436584139253783
exponential, true, 1, -1, 50,12345,3,10.830205805451662,9.747185224906495,1.0830205805451663,6.498123483270997,6.0649152510529305,0.4332082322180665,4.332082322180665,3.682269973853565,0.6498123483270997
exponential, true, 1, -1, 50,12345,3,3.4294847578162733,3.0179465868783204,0.41153817093795275,1.8519217692207874,1.5775629885954856,0.27435878062530183,1.5775629885954854,1.4403835982828346,0.13717939031265092
exponential, true, 1, -1, 50,12345,3,13.117362014042644,10.756236851514968,2.3611251625276757,7.345722727863881,6.033986526459616,1.3117362014042644,5.771639286178763,4.722250325055351,1.0493889611234115
exponential, true, 1, -1, 50,12345,3,10.065477179520517,9.058929461568466,1.006547717952052,5.23404813335067,4.831429046169849,0.40261908718082073,4.831429046169849,4.227500415398618,0.6039286307712312
exponential, true, 1, -1, 50,12345,3,8.744069118648355,7.519899442037586,1.22416967661077,4.19715317695121,3.497627647459342,0.6995255294918684,4.546915941697145,4.022271794578244,0.5246441471189014
exponential, true, 1, -1, 50,12345,3,6.8976547535783475,5.518123802862678,1.3795309507156694,3.724733566932308,2.897014996502906,0.8277185704294017,3.17292118664604,2.6211088063597723,0.5518123802862678
exponential, true, 1, -1, 50,12345,3,7.401914252580834,5.77349311701305,1.6284211355677836,4.293110266496884,3.256842271135567,1.0362679953613168,3.10880398608395,2.5166508458774834,0.5921531402064667
exponential, true, 1, -1, 50,12345,3,2.922515500814435,2.3964627106678367,0.5260527901465982,1.1105558903094852,0.9352049602606192,0.1753509300488661,1.8119596105049496,1.4612577504072173,0.3507018600977322
exponential, true, 1, -1, 50,12345,3,4.051018957987129,3.4838763038689304,0.567142654118198,2.0255094789935644,1.7824483415143366,0.24306113747922772,2.0255094789935644,1.701427962354594,0.3240815166389703
exponential, true, 1, -1, 50,12345,3,11.994745408082826,11.0351657754362,0.9595796326466262,6.23726761220307,5.997372704041413,0.23989490816165654,5.7574777958797565,5.037793071394787,0.7196847244849696
exponential, true, 1, -1, 50,12345,3,5.104401631857645,4.083521305486116,1.020880326371529,2.450112783291669,2.1438486853802106,0.30626409791145864,2.654288848565975,1.939672620105905,0.7146162284600702
exponential, true, 1, -1, 50,12345,3,11.996128807196087,10.796515926476477,1.1996128807196085,5.038374099022356,4.798451522878434,0.2399225761439217,6.957754708173729,5.998064403598042,0.9596903045756868
exponential, true, 1, -1, 50,12345,3,9.489496463985676,8.350756888307394,1.1387395756782812,3.9855885148739842,3.4162187270348436,0.5693697878391406,5.503907949111692,4.934538161272552,0.5693697878391406
exponential, true, 1, -1, 50,12345,3,7.144370971633151,6.001271616171847,1.1430993554613043,4.2866225829798905,3.5721854858165756,0.7144370971633152,2.8577483886532606,2.4290861303552713,0.4286622582979891
exponential, true, 1, -1, 50,12345,3,8.655101243624406,7.9626931441344535,0.6924080994899525,3.981346572067227,3.635142522322251,0.34620404974497626,4.673754671557179,4.327550621812203,0.34620404974497626
exponential, true, 1, -1, 50,12345,3,8.369250002255379,6.862785001849411,1.5064650004059683,4.352010001172797,3.682470000992367,0.6695400001804304,4.017240001082582,3.180315000857044,0.836925000225538
exponential, true, 1, -1, 50,12345,3,8.154561847473401,7.176014425776593,0.9785474216968082,4.892737108484041,4.403463397635637,0.4892737108484041,3.2618247389893607,2.7725510281409567,0.4892737108484041
exponential, true, 1, -1, 50,12345,3,8.210176149829866,7.060751488853685,1.1494246609761813,4.597698643904725,4.105088074914933,0.492610568989792,3.6124775059251415,2.955663413938752,0.6568140919863893
exponential, true, 1, -1, 50,12345,3,2.2152870255542205,2.038064063509883,0.17722296204433766,1.1519492532881948,1.0190320317549415,0.13291722153325325,1.063337772266026,1.0190320317549415,0.044305740511084414
exponential, true, 1, -1, 100,12345,3,11.711654994676229,10.306256395315081,1.4053985993611475,7.261226096699262,6.441410247071926,0.819815849627336,4.450428897976967,3.8648461482431555,0.5855827497338114
exponential, true, 1, -1, 100,12345,3,12.1287831453679,10.79461699937743,1.3341661459904688,6.670830729952344,5.821815909776592,0.8490148201757529,5.457952415415554,4.972801089600838,0.485151325814716
exponential, true, 1, -1, 100,12345,3,10.664243983924516,9.70446202537131,0.9597819585532066,5.332121991962258,4.905552232605277,0.42656975935698066,5.332121991962258,4.7989097927660325,0.5332121991962259
exponential, true, 1, -1, 100,12345,3,8.91779103761542,7.758478202725415,1.1593128348900046,4.9939629810646355,4.280539698055402,0.7134232830092336,3.923828056550785,3.4779385046700138,0.445889551880771
exponential, true, 1, -1, 100,12345,3,6.084849496681612,5.354667557079818,0.7301819396017933,2.677333778539909,2.3730913037058285,0.30424247483408057,3.407515718141702,2.9815762533739893,0.42593946476771277
exponential, true, 1, -1, 100,12345,3,6.793800501893629,6.182358456723202,0.6114420451704267,3.396900250946815,3.193086235890006,0.20381401505680888,3.3969002509468145,2.9892722208331968,0.40762803011361776
exponential, true, 1, -1, 100,12345,3,11.834154593303255,11.005763771772028,0.8283908215312278,4.970344929187367,4.61532029138827,0.35502463779909765,6.863809664115887,6.390443480383757,0.4733661837321302
exponential, true, 1, -1, 100,12345,3,10.201308896489193,9.385204184770057,0.8161047117191355,5.406693715139273,4.896628270314813,0.5100654448244597,4.79461518134992,4.488575914455245,0.3060392668946758
exponential, true, 1, -1, 100,12345,3,8.654528438559542,7.35634917277561,1.298179265783931,4.846535925593343,4.240718934894175,0.6058169906991678,3.8079925129661976,3.1156302378814345,0.6923622750847632
exponential, true, 1, -1, 100,12345,3,3.8285422926891917,3.3308317946395967,0.4977104980495949,2.0674128380521637,1.79941487756392,0.2679979604882434,1.7611294546370282,1.5314169170756766,0.2297125375613515
exponential, true, 1, -1, 100,12345,3,3.9381041368830174,3.662436847301206,0.2756672895818112,1.6933847788596974,1.4964795720155466,0.19690520684415086,2.24471935802332,2.1659572752856593,0.07876208273766035
exponential, true, 1, -1, 100,12345,3,7.312540357418946,6.361910110954483,0.950630246464463,3.7293955822836624,3.290643160838526,0.43875242144513676,3.583144775135284,3.0712669501159575,0.5118778250193262
exponential, true, 1, -1, 100,12345,3,11.076202836984868,10.07934458165623,0.9968582553286381,5.205815333382888,4.984291276643191,0.22152405673969736,5.870387503601981,5.09505330501304,0.7753341985889408
exponential, true, 1, -1, 100,12345,3,9.21879977199187,7.928167803913008,1.2906319680788618,4.148459897396341,3.5031439133569107,0.6453159840394309,5.070339874595529,4.425023890556098,0.6453159840394309
exponential, true, 1, -1, 100,12345,3,4.828200142202261,4.490226132248103,0.33797400995415827,2.6072280767892213,2.3658180696791082,0.24141000711011307,2.2209720654130405,2.124408062568995,0.09656400284404523
exponential, true, 1, -1, 100,12345,3,8.05669599055826,7.412160311313599,0.6445356792446608,3.6255131957512168,3.3032453561288864,0.3222678396223304,4.431182794807043,4.108914955184712,0.3222678396223304
exponential, true, 1, -1, 100,12345,3,11.831686727550041,9.938616851142035,1.8930698764080065,5.560892761948519,4.141090354642515,1.419802407306005,6.270793965601522,5.79752649649952,0.4732674691020016
exponential, true, 1, -1, 100,12345,3,8.169065603754776,6.943705763191559,1.2253598405632162,4.166223457914935,3.594388865652101,0.5718345922628343,4.00284214583984,3.349316897539458,0.6535252483003821
exponential, true, 1, -1, 100,12345,3,12.550831223226467,11.421256413136085,1.129574810090382,6.777448860542291,6.024398987148704,0.753049873393588,5.773382362684174,5.39685742598738,0.376524936696794
exponential, true, 1, -1, 100,12345,3,3.450005153486824,3.001504483533537,0.44850066995328713,1.7595026282782802,1.5525023190690708,0.20700030920920945,1.690502525208544,1.4490021644644662,0.24150036074407769
exponential, true, 1, -1, 150,12345,3,6.528981819302056,5.919610182833864,0.6093716364681919,3.87386254611922,3.482123636961097,0.39173890915812337,2.6551192731828364,2.4374865458727677,0.21763272731006855
exponential, true, 1, -1, 150,12345,3,11.116352469379532,9.856499189516517,1.2598532798630135,5.780503284077356,5.113522135914584,0.6669811481627719,5.335849185302175,4.742977053601933,0.5928721317002417
exponential, true, 1, -1, 150,12345,3,5.726896780724523,4.963310543294587,0.7635862374299365,2.863448390362262,2.5198345835187905,0.3436138068434714,2.863448390362262,2.443475959775797,0.41997243058646505
exponential, true, 1, -1, 150,12345,3,7.909321978556086,7.171118593890852,0.7382033846652347,3.954660989278043,3.6910169233261736,0.26364406595186957,3.954660989278043,3.480101670564678,0.4745593187133652
exponential, true, 1, -1, 150,12345,3,10.852508675440028,10.056658039241093,0.7958506361989354,5.209204164211213,4.775103817193612,0.4341003470176011,5.6433045112288145,5.28155422204748,0.36175028918133423
exponential, true, 1, -1, 150,12345,3,10.18179437894463,9.299372199436096,0.8824221795085347,5.362411706244172,4.9551399310863875,0.40727177515778523,4.819382672700459,4.344232268349709,0.47515040435074946
exponential, true, 1, -1, 150,12345,3,11.236584751227761,9.963105146088616,1.2734796051391464,6.142666330671177,5.468471245597511,0.6741950850736658,5.0939184205565855,4.494633900491105,0.5992845200654807
exponential, true, 1, -1, 150,12345,3,8.403140903604257,7.394763995171745,1.0083769084325107,3.6973819975858726,3.3052354220843405,0.3921465755015319,4.705758906018383,4.089528573087405,0.6162303329309787
exponential, true, 1, -1, 150,12345,3,5.824282972552449,5.358340334748253,0.465942637804196,2.640341614223777,2.523855954772728,0.116485659451049,3.1839413583286724,2.8344843799755255,0.349456978353147
exponential, true, 1, -1, 150,12345,3,6.050791205866109,5.7684209495923575,0.2823702562737518,3.146411427050377,3.0253956029330547,0.12101582411732219,2.9043797788157324,2.743025346659303,0.16135443215642958
exponential, true, 1, -1, 150,12345,3,6.951567412292481,6.349098236560466,0.6024691757320151,3.197721009654541,2.8733145304142256,0.3244064792403158,3.7538464026379397,3.4757837061462404,0.27806269649169923
exponential, true, 1, -1, 150,12345,3,9.176305882421543,7.8916230588825265,1.284682823539016,4.5269775686612945,3.792873098067571,0.7341044705937234,4.649328313760248,4.098749960814955,0.5505783529452926
exponential, true, 1, -1, 150,12345,3,13.09182013045096,12.131753320884556,0.9600668095664037,7.069582870443519,6.458631264355807,0.6109516060877115,6.022237260007441,5.673122056528749,0.34911520347869224
exponential, true, 1, -1, 150,12345,3,10.394236336903713,9.28551779430065,1.1087185426030628,5.1278232595391655,4.781348714975708,0.3464745445634571,5.266413077364549,4.504169079324943,0.7622439980396057
exponential, true, 1, -1, 150,12345,3,10.483545545815105,9.365300687594827,1.1182448582202777,4.542869736519879,3.98374730740974,0.5591224291101389,5.940675809295226,5.381553380185087,0.5591224291101389
exponential, true, 1, -1, 150,12345,3,9.0106708421985,8.22974603587463,0.78092480632387,4.08483744846332,3.72441061477538,0.36042683368794,4.92583339373518,4.50533542109925,0.42049797263593
exponential, true, 1, -1, 150,12345,3,6.7804326998135345,6.237998083828452,0.5424346159850828,2.9833903879179555,2.6669701952599905,0.31642019265796495,3.7970423118955794,3.5710278885684614,0.22601442332711782
exponential, true, 1, -1, 150,12345,3,12.99154402881983,11.865610212988777,1.1259338158310517,6.235941133833518,5.716279372680725,0.5196617611527932,6.7556028949863105,6.1493308403080515,0.6062720546782586
exponential, true, 1, -1, 150,12345,3,9.939172254042143,8.812732731917366,1.126439522124776,4.5720192368593855,4.3732357917785425,0.19878344508084284,5.367153017182757,4.439496940138823,0.9276560770439333
exponential, true, 1, -1, 150,12345,3,10.917247345302913,9.752740961803935,1.1645063834989773,5.240278725745398,4.658025533995909,0.5822531917494886,5.676968619557514,5.094715427808025,0.5822531917494886
exponential, true, 1, -1, 200,12345,3,12.022450929459854,10.940430345808467,1.082020583651387,7.033133793734016,6.3718989926137235,0.661234801120292,4.989317135725839,4.568531353194745,0.42078578253109494
exponential, true, 1, -1, 200,12345,3,10.445766003359113,9.401189403023201,1.0445766003359114,5.5362559817803305,4.909510021578783,0.6267459602015468,4.909510021578783,4.491679381444419,0.41783064013436455
exponential, true, 1, -1, 200,12345,3,8.674287142716828,7.850229864158729,0.8240572785580986,4.07691495707691,3.7733149070818204,0.303600049995089,4.5973721856399195,4.07691495707691,0.5204572285630097
exponential, true, 1, -1, 200,12345,3,12.029470337110322,11.187407413512599,0.8420629235977224,5.713998410127402,5.172672244957438,0.5413261651699645,6.315471926982918,6.01473516855516,0.300736758427758
exponential, true, 1, -1, 200,12345,3,5.751898956027375,5.205468555204774,0.5464304008226006,3.1635444258150565,2.8759494780136876,0.28759494780136874,2.5883545302123188,2.3295190771910868,0.2588354530212319
exponential, true, 1, -1, 200,12345,3,8.973519398354982,8.165902652503034,0.8076167458519483,4.217554117226841,3.813745744300867,0.40380837292597416,4.75596528112814,4.352156908202166,0.40380837292597416
exponential, true, 1, -1, 200,12345,3,10.654803802507072,9.642597441268899,1.0122063612381718,4.901209749153253,4.528291616065506,0.3729181330877475,5.753594053353819,5.114305825203394,0.6392882281504243
exponential, true, 1, -1, 200,12345,3,9.960023267671454,9.31262175527281,0.6474015123986445,4.93021151749737,4.581610703128869,0.3486008143685009,5.029811750174084,4.73101105214394,0.29880069803014364
exponential, true, 1, -1, 200,12345,3,9.668911281578282,8.411952814973105,1.2569584666051765,4.737766527973358,3.9159090690392038,0.8218574589341539,4.931144753604923,4.496043745933901,0.43510100767102267
exponential, true, 1, -1, 200,12345,3,5.505055574087526,5.009600572419649,0.4954550016678774,2.890154176395952,2.6149013976915754,0.27525277870437637,2.6149013976915754,2.3946991747280744,0.2202022229635011
exponential, true, 1, -1, 200,12345,3,9.057156986540015,8.196727072818714,0.8604299137213015,4.438006923404608,4.030434859010307,0.4075720643943007,4.619150063135408,4.166292213808408,0.4528578493270008
exponential, true, 1, -1, 200,12345,3,9.79197083546865,8.812773751921785,0.979197083546865,4.1615876050741765,3.6719890633007437,0.4895985417734325,5.630383230394473,5.140784688621041,0.4895985417734325
exponential, true, 1, -1, 200,12345,3,8.197085352619924,7.664274804699629,0.5328105479202951,3.565732128389667,3.23784871428487,0.327883414104797,4.631353224230257,4.426426090414759,0.20492713381549812
exponential, true, 1, -1, 200,12345,3,8.85421504986337,7.791709243879766,1.0625058059836046,4.161481073435784,3.7187703209426157,0.44271075249316855,4.692733976427586,4.07293892293715,0.619795053490436
exponential, true, 1, -1, 200,12345,3,10.507206183974105,9.403949534656824,1.103256649317281,5.148531030147311,4.623170720948606,0.5253603091987052,5.358675153826794,4.780778813708218,0.5778963401185757
exponential, true, 1, -1, 200,12345,3,10.060538772526904,8.601760650510503,1.4587781220164011,5.080572080126086,4.2254262844612995,0.8551457956647869,4.979966692400818,4.376334366049203,0.6036323263516142
exponential, true, 1, -1, 200,12345,3,12.234244445994143,11.316676112544583,0.9175683334495608,5.99477977853713,5.505410000697364,0.48936977783976576,6.239464667457013,5.811266111847218,0.42819855560979503
exponential, true, 1, -1, 200,12345,3,11.154595899500478,10.094909289047933,1.0596866104525455,5.186887093267723,4.573384318795196,0.6135027744725263,5.967708806232756,5.521524970252737,0.44618383598001915
exponential, true, 1, -1, 200,12345,3,9.665182086564494,8.698663877908045,0.9665182086564493,4.68761331198378,4.156028297222733,0.5315850147610471,4.977568774580714,4.542635580685312,0.4349331938954022
exponential, true, 1, -1, 200,12345,3,9.87040652100426,8.834013836298812,1.0363926847054472,4.688443097477024,4.244274804031832,0.4441682934451917,5.181963423527236,4.589739032266981,0.5922243912602556
exponential, true, 1, -1, 250,12345,3,11.582703954394422,10.470764374772557,1.1119395796218643,6.6253066619136085,5.976675240467521,0.6486314214460875,4.957397292480812,4.494089134305035,0.4633081581757768
exponential, true, 1, -1, 250,12345,3,8.485018471385237,7.636516624246712,0.8485018471385236,4.208569161807077,3.7334081274095037,0.47516103439757323,4.276449309578159,3.9031084968372083,0.3733408127409504
exponential, true, 1, -1, 250,12345,3,11.49171136258813,10.480440762680375,1.0112705999077556,5.607955144943008,5.194253535889835,0.4137016090531727,5.883756217645123,5.28618722679054,0.5975689908545828
exponential, true, 1, -1, 250,12345,3,6.371223013051603,5.785070495850856,0.5861525172007475,3.389490642943453,3.0581870462647696,0.33130359667868337,2.9817323701081504,2.726883449586086,0.25484892052206415
exponential, true, 1, -1, 250,12345,3,11.68588548498753,10.657527562308628,1.0283579226789028,5.515737948914114,5.048302529514613,0.46743541939950123,6.170147536073417,5.609225032794015,0.5609225032794015
exponential, true, 1, -1, 250,12345,3,7.533095779548358,6.990712883420876,0.5423828961274818,3.6761507404195988,3.4350916754740513,0.24105906494554746,3.8569450391287594,3.555621207946825,0.30132383118193434
exponential, true, 1, -1, 250,12345,3,11.434102012633327,10.24495540331946,1.189146609313866,5.305423333861864,4.619377213103864,0.6860461207579996,6.128678678771464,5.625578190215597,0.5031004885558664
exponential, true, 1, -1, 250,12345,3,6.118911971153849,5.458069478269233,0.6608424928846157,3.230785520769232,2.839175154615386,0.3916103661538463,2.8881264503846165,2.6188943236538473,0.26923212673076935
exponential, true, 1, -1, 250,12345,3,10.917430691875875,10.044036236525805,0.87339445535007,5.022018118262903,4.628990613355371,0.39302750490753147,5.895412573612972,5.415045623170434,0.48036695044253847
exponential, true, 1, -1, 250,12345,3,12.101940845874946,11.18219334158845,0.9197475042864958,5.5184850257189755,5.131222918650977,0.38726210706799824,6.58345582015597,6.050970422937472,0.5324853972184975
exponential, true, 1, -1, 250,12345,3,9.722343168876115,8.983445088041531,0.7388980808345849,4.433388485007509,4.083384130927969,0.35000435407954017,5.2889546838686075,4.9000609571135625,0.38889372675504463
exponential, true, 1, -1, 250,12345,3,10.951073303261353,9.812161679722172,1.1389116235391807,5.212710892352403,4.599450787369768,0.6132601049826357,5.738362410908949,5.212710892352404,0.5256515185565449
exponential, true, 1, -1, 250,12345,3,8.07240881905214,7.103719760765882,0.9686890582862567,3.9716251389736525,3.422701339278107,0.5489237996955455,4.100783680078487,3.6810184214877757,0.41976525859071123
exponential, true, 1, -1, 250,12345,3,9.944339570814877,9.029460330299909,0.9148792405149686,4.89261506884092,4.3357320528752865,0.556883015965633,5.051724501973958,4.693728277424622,0.35799622454933555
exponential, true, 1, -1, 250,12345,3,12.356981879076699,11.56613503881579,0.7908468402609087,5.9807792294731215,5.585355809342667,0.39542342013045434,6.376202649603576,5.980779229473122,0.39542342013045434
exponential, true, 1, -1, 250,12345,3,10.65617057570544,9.67580288274054,0.9803676929649005,4.987087829430146,4.5182163240991065,0.46887150533103933,5.6690827462752935,5.157586558641433,0.5114961876338611
exponential, true, 1, -1, 250,12345,3,10.767617928333786,9.690856135500407,1.0767617928333786,5.168456605600217,4.6946814167535305,0.4737751888466866,5.599161322733569,4.996174718746877,0.602986603986692
exponential, true, 1, -1, 250,12345,3,10.755595863110866,9.852125810609554,0.9034700525013127,4.775484563221225,4.431305495601677,0.3441790676195477,5.980111299889642,5.420820315007877,0.559290984881765
exponential, true, 1, -1, 250,12345,3,10.537940379687036,9.526298103237082,1.0116422764499555,5.268970189843518,4.847452574656037,0.4215176151874815,5.268970189843519,4.678845528581045,0.5901246612624741
exponential, true, 1, -1, 250,12345,3,11.212821285113204,10.001836586320978,1.210984698792226,5.157897791152074,4.5748310843261875,0.5830667068258866,6.05492349396113,5.427005501994791,0.6279179919663394
exponential, true, 1, -1, 300,12345,3,11.397405859595379,10.371639332231794,1.025766527363584,6.344555928508094,5.774685635528325,0.5698702929797689,5.052849931087284,4.596953696703469,0.4558962343838151
exponential, true, 1, -1, 300,12345,3,9.713894731906793,8.677745960503401,1.0361487714033912,4.856947365953396,4.403632278464412,0.45331508748898364,4.856947365953396,4.274113682038989,0.5828336839144075
exponential, true, 1, -1, 300,12345,3,11.164307282019708,10.159519626637934,1.0047876553817736,5.619367998616586,4.986723919302136,0.6326440793144501,5.544939283403122,5.172795707335798,0.3721435760673236
exponential, true, 1, -1, 300,12345,3,9.815975007607378,8.605338090002467,1.2106369176049099,4.8425476704196395,4.2208692532711725,0.6216784171484673,4.973427337187738,4.384468836731296,0.5889585004564427
exponential, true, 1, -1, 300,12345,3,8.115200439877887,7.520085740953509,0.5951146989243784,3.9493975474072385,3.7329922023438282,0.21640534506341033,4.165802892470649,3.787093538609681,0.3787093538609681
exponential, true, 1, -1, 300,12345,3,10.071300187277247,8.862744164803978,1.2085560224732697,4.800653089268822,4.162804077407929,0.6378490118608924,5.270647098008427,4.699940087396049,0.5707070106123774
exponential, true, 1, -1, 300,12345,3,11.979006471810965,10.821035846202571,1.1579706256083933,6.189153343768998,5.670063063323856,0.5190902804451418,5.789853128041966,5.150972782878715,0.6388803451632514
exponential, true, 1, -1, 300,12345,3,10.253258231195169,9.398820045262237,0.8544381859329306,4.545611149163191,4.101303292478067,0.4443078566851239,5.7076470820319765,5.29751675278417,0.4101303292478067
exponential, true, 1, -1, 300,12345,3,12.22710199727087,11.371204857461908,0.8558971398089609,5.6244669187446,5.053868825538626,0.5705980932059739,6.602635078526269,6.317336031923283,0.28529904660298694
exponential, true, 1, -1, 300,12345,3,10.71010379777379,9.74619445597415,0.9639093417996412,5.033748784953682,4.6767453250278885,0.357003459925793,5.6763550128201095,5.0694491309462615,0.6069058818738482
exponential, true, 1, -1, 300,12345,3,10.179309973484866,8.855999676931834,1.3233102965530326,4.987861887007584,4.241379155618694,0.7464827313888902,5.1914480864772825,4.61462052131314,0.5768275651641425
exponential, true, 1, -1, 300,12345,3,11.304686254678954,10.513358216851428,0.7913280378275268,5.463931689761495,4.936379664543144,0.5275520252183512,5.84075456491746,5.576978552308284,0.2637760126091756
exponential, true, 1, -1, 300,12345,3,11.910094153956457,10.719084738560811,1.1910094153956456,5.637444566206057,4.9625392308151905,0.674905335390866,6.272649587750401,5.756545507745621,0.5161040800047798
exponential, true, 1, -1, 300,12345,3,11.572136194443042,10.530643936943168,1.0414922574998737,5.59319916064747,5.1688875001845584,0.4243116604629115,5.978937033795572,5.3617564367586095,0.6171805970369622
exponential, true, 1, -1, 300,12345,3,10.78818546065984,9.997051860211451,0.7911336004483883,4.890644075499127,4.6029591298815316,0.2876849456175957,5.897541385160713,5.39409273032992,0.5034486548307925
exponential, true, 1, -1, 300,12345,3,10.476171933201456,9.288872447438624,1.1872994857628318,5.133324247268714,4.6793567968299845,0.4539674504387298,5.3428476859327425,4.609515650608641,0.733332035324102
exponential, true, 1, -1, 300,12345,3,10.69189062977564,9.765260108528418,0.9266305212472222,5.2033867731574786,4.668792241668696,0.534594531488782,5.488503856618163,5.096467866859722,0.3920359897584402
exponential, true, 1, -1, 300,12345,3,10.92285823634759,10.01262004998529,0.9102381863622991,5.570657700537271,5.279381480901335,0.2912762196359357,5.352200535810319,4.733238569083955,0.6189619667263634
exponential, true, 1, -1, 300,12345,3,10.506458967940183,9.630920720611835,0.8755382473283485,5.2182079540769575,4.727906535573082,0.4903014185038752,5.288251013863225,4.903014185038752,0.38523682882447335
exponential, true, 1, -1, 300,12345,3,12.25907167073587,10.82884664248335,1.430225028252518,6.333853696546865,5.5165822518311405,0.8172714447157245,5.925217974189002,5.312264390652209,0.6129535835367934
exponential, true, 1, -1, 350,12345,3,11.00689604846787,10.031999541317859,0.9748965071500113,6.100965238293619,5.566344573082323,0.5346206652112965,4.905930810174251,4.465654968235536,0.4402758419387148
exponential, true, 1, -1, 350,12345,3,11.926788606002262,10.904492439773497,1.0222961662287653,5.622628914258208,5.111480831143826,0.5111480831143826,6.3041596917440526,5.79301160862967,0.5111480831143826
exponential, true, 1, -1, 350,12345,3,11.477551830830658,10.493761673902316,0.9837901569283422,6.263463999110445,5.60760389449155,0.6558601046188948,5.214087831720214,4.886157779410766,0.3279300523094474
exponential, true, 1, -1, 350,12345,3,11.052478226994237,9.631445312094979,1.421032914899259,4.989404456757399,4.389412781577712,0.5999916751796872,6.06307377023684,5.2420325305172675,0.821041239719572
exponential, true, 1, -1, 350,12345,3,11.646923742736567,10.715169843317641,0.9317538994189254,5.6570772464720465,5.124646446804089,0.5324307996679574,5.98984649626452,5.590523396513552,0.399323099750968
exponential, true, 1, -1, 350,12345,3,11.83611715946527,10.551053010723326,1.2850641487419436,6.15478092292194,5.512248848550969,0.6425320743709718,5.68133623654333,5.038804162172358,0.6425320743709718
exponential, true, 1, -1, 350,12345,3,11.877217434799642,10.825235319145959,1.0519821156536826,5.327780392181554,4.8187567878329975,0.5090236043485561,6.549437042618088,6.006478531312961,0.5429585113051265
exponential, true, 1, -1, 350,12345,3,10.237967027153674,9.331175661891491,0.9067913652621825,4.592459495037504,4.124438145224765,0.46802134981273935,5.645507532116168,5.206737516666725,0.4387700154494431
exponential, true, 1, -1, 350,12345,3,10.82989813954209,9.623138061135972,1.2067600784061185,5.35306393754509,4.796097747511497,0.5569661900335932,5.476834201997,4.827040313624474,0.6497938883725254
exponential, true, 1, -1, 350,12345,3,10.406827748461973,9.336411180048742,1.0704165684132316,5.084478699962849,4.549270415756234,0.5352082842066158,5.322349048499123,4.7871407642925075,0.5352082842066158
exponential, true, 1, -1, 350,12345,3,11.429344296187514,10.58030729132787,0.849037004859644,5.551395801005364,5.0615667597401846,0.4898290412651792,5.8779484951821495,5.518740531587685,0.3592079635944647
exponential, true, 1, -1, 350,12345,3,11.524171108445389,10.56931121660277,0.9548598918426179,5.366971116218853,5.037709084548984,0.3292620316698682,6.157199992226537,5.531602132053787,0.6255978601727497
exponential, true, 1, -1, 350,12345,3,10.36736448496456,9.478733243396169,0.8886312415683909,4.768987663083698,4.383914125070729,0.3850735380129694,5.598376821880863,5.094819118325441,0.5035577035554215
exponential, true, 1, -1, 350,12345,3,12.21969144391252,11.067549107772196,1.1521423361403231,5.935278701328937,5.5163178518233655,0.4189608495055721,6.284412742583581,5.55123125594883,0.7331814866347511
exponential, true, 1, -1, 350,12345,3,8.002556502647657,7.499538665338376,0.5030178373092813,4.184193828527203,3.9326849098725627,0.25150891865464065,3.8183626741204533,3.5668537554658126,0.25150891865464065
exponential, true, 1, -1, 350,12345,3,11.110399214823286,10.062847288854233,1.0475519259690527,5.396479618628453,4.825087659008969,0.5713919596194832,5.713919596194832,5.237759629845263,0.47615996634956936
exponential, true, 1, -1, 350,12345,3,9.483993891539418,8.860760007238257,0.6232338843011618,4.877482572791701,4.498122817130124,0.37935975566157676,4.606511318747717,4.362637190108132,0.24387412863958505
exponential, true, 1, -1, 350,12345,3,11.330403299036206,10.39159845425892,0.9388048447772855,4.98537745157593,4.59690648132326,0.3884709702526699,6.345025847460275,5.794691972935659,0.5503338745246157
exponential, true, 1, -1, 350,12345,3,12.202681061958993,11.017277758797261,1.1854033031617306,5.194855652091113,4.497559591407742,0.6972960606833709,7.007825409867878,6.519718167389518,0.4881072424783597
exponential, true, 1, -1, 350,12345,3,9.800528680536368,8.792474301966914,1.0080543785694551,4.900264340268184,4.312232619436002,0.5880317208321821,4.900264340268184,4.480241682530911,0.42002265773727293
exponential, true, 1, -1, 400,12345,3,11.184760987577341,10.122208693757495,1.0625522938198475,6.235504250574369,5.592380493788672,0.6431237567856972,4.949256737002974,4.529828199968824,0.41942853703415034
exponential, true, 1, -1, 400,12345,3,12.159420327475157,11.125869599639769,1.0335507278353884,5.745326104732012,5.380543494907757,0.3647826098242547,6.414094222743145,5.745326104732012,0.6687681180111336
exponential, true, 1, -1, 400,12345,3,10.200451972527697,9.333413554862842,0.8670384176648541,5.202230505989125,4.7177090372940595,0.48452146869506557,4.998221466538571,4.6157045175687825,0.3825169489697886
exponential, true, 1, -1, 400,12345,3,11.00827964547793,10.182658672067086,0.8256209734108448,5.256453530715713,4.89868444223768,0.3577690884780328,5.751826114762219,5.283974229829407,0.4678518849328121
exponential, true, 1, -1, 400,12345,3,7.551323096072532,6.796190786465279,0.7551323096072532,3.83229647125681,3.379217085492458,0.45307938576435197,3.719026624815722,3.4169737009728207,0.3020529238429013
exponential, true, 1, -1, 400,12345,3,10.568027174268988,9.696164932391795,0.8718622418771914,4.834872432228061,4.4385714131929745,0.396301019035087,5.7331547420409255,5.257593519198821,0.4755612228421044
exponential, true, 1, -1, 400,12345,3,10.233854944217464,9.312807999237892,0.9210469449795716,4.630819362258402,4.093541977686985,0.5372773845714168,5.603035581959061,5.219266021550906,0.38376956040815485
exponential, true, 1, -1, 400,12345,3,10.424949702875145,9.200018112787316,1.2249315900878295,5.186412477180384,4.613040243522251,0.573372233658133,5.23853722569476,4.586977869265064,0.6515593564296965
exponential, true, 1, -1, 400,12345,3,11.73992231105121,10.771378720389485,0.9685435906617248,5.605812903526953,5.106866205307276,0.4989466982196764,6.1341094075242575,5.664512515082209,0.4695968924420484
exponential, true, 1, -1, 400,12345,3,11.184784850373136,10.178154213839553,1.0066306365335822,5.368696728179105,4.865381409912314,0.5033153182667911,5.816088122194031,5.312772803927239,0.5033153182667911
exponential, true, 1, -1, 400,12345,3,8.599924395039,7.847431010473088,0.7524933845659126,4.063464276655928,3.805466544804758,0.25799773185117003,4.536460118383073,4.041964465668331,0.49449565271474255
exponential, true, 1, -1, 400,12345,3,10.798013718892967,9.907177587084298,0.8908361318086698,5.102061482176928,4.670140933421209,0.4319205487557187,5.695952236716041,5.23703665366309,0.45891558305295116
exponential, true, 1, -1, 400,12345,3,10.225117281151928,9.407107898659774,0.8180093824921543,5.214809813387484,4.754679535735647,0.4601302776518368,5.010307467764445,4.652428362924128,0.3578791048403175
exponential, true, 1, -1, 400,12345,3,11.191091104752662,10.379736999658094,0.8113541050945681,5.511612369090686,5.119924180424343,0.3916881886663432,5.679478735661976,5.259812819233751,0.4196659164282248
exponential, true, 1, -1, 400,12345,3,11.913247800313004,11.109103573791876,0.8041442265211278,6.016190139158066,5.569443346646329,0.44674679251173766,5.897057661154937,5.539660227145547,0.3573974340093901
exponential, true, 1, -1, 400,12345,3,11.835487804536353,10.592761585060035,1.2427262194763171,5.000493597416609,4.467896646212473,0.5325969512041359,6.834994207119744,6.124864938847563,0.7101292682721811
exponential, true, 1, -1, 400,12345,3,12.332699603577831,11.222756639255826,1.109942964322005,5.765537064672636,5.303060829538468,0.4624762351341687,6.567162538905195,5.919695809717359,0.6474667291878361
exponential, true, 1, -1, 400,12345,3,11.42706598080184,10.227224052817647,1.1998419279841932,5.627829995544907,5.142179691360829,0.48565030418407823,5.799235985256934,5.085044361456819,0.714191623800115
exponential, true, 1, -1, 400,12345,3,10.338125630232998,9.356003695360863,0.9821219348721348,5.479206584023489,4.936454988436257,0.5427515955872324,4.858919046209509,4.419548706924607,0.43937033928490243
exponential, true, 1, -1, 400,12345,3,10.550535523952782,9.600987326797032,0.9495481971557503,5.80279453817403,5.222515084356627,0.580279453817403,4.747740985778751,4.378472242440404,0.36926874333834736
exponential, true, 1, -1, 600,12345,3,10.583932769593453,9.578459156482074,1.005473613111378,5.591844479935208,5.045007953506213,0.546836526428995,4.992088289658245,4.533451202975862,0.45863708668238296
exponential, true, 1, -1, 600,12345,3,11.002985720470516,10.15942348190111,0.8435622385694063,5.4831545507011406,4.951343574211732,0.5318109764894083,5.519831169769375,5.208079907689378,0.311751262079998
exponential, true, 1, -1, 600,12345,3,11.170716386196961,10.258441214657543,0.9122751715394185,5.380561726018203,4.933733070570325,0.4468286554478785,5.790154660178758,5.324708144087218,0.4654465160915401
exponential, true, 1, -1, 600,12345,3,11.5569256986426,10.497540842933695,1.059384855708905,5.547324335348448,5.104308850233815,0.443015485114633,6.009601363294152,5.39323199269988,0.616369370594272
exponential, true, 1, -1, 600,12345,3,11.498804270050757,10.521405907096442,0.9773983629543143,5.346943985573602,4.8103331196379,0.536610865935702,6.151860284477154,5.711072787458542,0.4407874970186123
exponential, true, 1, -1, 600,12345,3,11.84351975071236,10.659167775641125,1.1843519750712361,5.763846278680015,5.053235093637274,0.7106111850427417,6.079673472032345,5.605932682003851,0.47374079002849445
exponential, true, 1, -1, 600,12345,3,12.116809879208281,11.107075722607592,1.0097341566006903,5.795874058887962,5.291006980587617,0.5048670783003452,6.3209358203203205,5.816068742019976,0.5048670783003452
exponential, true, 1, -1, 600,12345,3,11.140750102122649,10.268058010789709,0.8726920913329409,5.2547204648345165,4.883362128097095,0.37135833673742163,5.886029637288133,5.384695882692614,0.5013337545955192
exponential, true, 1, -1, 600,12345,3,11.461629442394488,10.563801802740253,0.8978276396542348,5.711712005459919,5.1959386805521675,0.515773324907752,5.7499174369345685,5.367863122188085,0.38205431474648294
exponential, true, 1, -1, 600,12345,3,12.338618101208317,11.39265738011568,0.9459607210926376,6.251566504612214,5.716893053559853,0.5346734510523604,6.087051596596103,5.675764326555826,0.4112872700402772
exponential, true, 1, -1, 600,12345,3,12.762363831765786,11.52866866136176,1.233695170404026,5.4452752348867355,4.8284276496847225,0.616847585202013,7.31708859687905,6.700241011677037,0.616847585202013
exponential, true, 1, -1, 600,12345,3,11.555769066172143,10.438711389775502,1.1170576763966404,5.720105687755211,5.161576849556891,0.5585288381983202,5.835663378416933,5.277134540218612,0.5585288381983202
exponential, true, 1, -1, 600,12345,3,11.397158773170146,10.409405012828733,0.9877537603414126,6.154465737511879,5.622598328097272,0.5318674094146068,5.242693035658267,4.786806684731461,0.4558863509268058
exponential, true, 1, -1, 600,12345,3,12.364240758719637,11.436922701815664,0.9273180569039727,6.09969210763502,5.666943681079833,0.4327484265551873,6.264548651084616,5.76997902073583,0.4945696303487855
exponential, true, 1, -1, 600,12345,3,11.94474080352954,11.028977341925607,0.9157634616039313,5.594120276319668,5.136238545517702,0.45788173080196565,6.350620527209872,5.892738796407906,0.45788173080196565
exponential, true, 1, -1, 600,12345,3,10.327649971367475,9.518650723610355,0.8089992477571188,4.819569986638155,4.423676737735735,0.39589324890241984,5.50807998472932,5.094973985874621,0.41310599885469895
exponential, true, 1, -1, 600,12345,3,12.50463714769862,11.337537680580082,1.167099467118538,6.356523883413465,5.793815211767027,0.5627086716464379,6.148113264285155,5.543722468813055,0.6043907954721
exponential, true, 1, -1, 600,12345,3,12.181535801048367,11.26792061596974,0.9136151850786275,5.501993670140179,5.116245036440314,0.38574863369986495,6.679542130908188,6.151675579529425,0.5278665513787626
exponential, true, 1, -1, 600,12345,3,10.325222193810246,9.344326085398272,0.9808961084119733,4.835645727434464,4.457054246994756,0.378591480439709,5.489576466375781,4.8872718384035165,0.6023046279722644
exponential, true, 1, -1, 600,12345,3,11.665245167507278,10.693141403548339,0.9721037639589398,5.852064659032818,5.404896927611706,0.4471677314211123,5.813180508474461,5.288244475936633,0.5249360325378275
exponential, true, 1, -1, 1000,12345,3,10.000864874269315,9.120788765333614,0.8800761089356995,5.2204514643685815,4.760411680152193,0.4600397842163884,4.780413409900732,4.360377085181421,0.4200363247193112
exponential, true, 1, -1, 1000,12345,3,9.677598285949307,8.79693684192792,0.8806614440213869,4.7226679635432625,4.2581432458176955,0.46452471772556675,4.954930322406046,4.538793596110225,0.4161367262958202
exponential, true, 1, -1, 1000,12345,3,11.571747445863062,10.588148912964702,0.9835985328983602,5.346147319988734,4.871705674708349,0.4744416452803855,6.225600125874327,5.716443238256352,0.5091568876179747
exponential, true, 1, -1, 1000,12345,3,11.835615172757487,10.865094728591373,0.9705204441661139,5.728437743614624,5.148492600149507,0.5799451434651168,6.107177429142863,5.716602128441866,0.39057530070099705
exponential, true, 1, -1, 1000,12345,3,11.606888141709963,10.736371531081716,0.8705166106282471,5.4668443147453925,5.060603229785544,0.4062410849598487,6.14004382696457,5.675768301296172,0.46427552566839847
exponential, true, 1, -1, 1000,12345,3,12.101404770738498,11.230103627245326,0.8713011434931718,6.171716433076633,5.723964456559309,0.4477519765173244,5.929688337661864,5.5061391706860165,0.4235491669758474
exponential, true, 1, -1, 1000,12345,3,11.562363637628728,10.406127273865856,1.1562363637628728,5.272437818758701,4.659632545964378,0.6128052727943226,6.289925818870028,5.746494727901478,0.5434310909685502
exponential, true, 1, -1, 1000,12345,3,11.608946195905052,10.564141038273597,1.0448051576314548,6.141132537633772,5.63033890501395,0.5107936326198222,5.467813658271279,4.933802133259647,0.5340115250116324
exponential, true, 1, -1, 1000,12345,3,12.31144003468663,11.511196432432,0.800243602254631,5.774065376268029,5.429345055296804,0.3447203209712256,6.5373746584186,6.081851377135195,0.4555232812834053
exponential, true, 1, -1, 1000,12345,3,12.017927748349432,11.032457672984778,0.9854700753646535,5.780623246956077,5.28788820927375,0.49273503768232674,6.237304501393355,5.744569463711029,0.49273503768232674
exponential, true, 1, -1, 1000,12345,3,11.86852026737142,10.776616402773248,1.0919038645981705,5.530730444595081,4.949172951493882,0.5815574931011995,6.337789822776338,5.8274434512793665,0.5103463714969709
exponential, true, 1, -1, 1000,12345,3,11.917882141426096,10.904862159404878,1.0130199820212182,5.851680131440214,5.351129081500318,0.5005510499398961,6.066202009985884,5.553733077904561,0.5124689320813222
exponential, true, 1, -1, 1000,12345,3,12.055089460623863,10.861635604022101,1.1934538566017625,6.123985445996923,5.497120794044482,0.6268646519524409,5.931104014626942,5.36451480997762,0.5665892046493216
exponential, true, 1, -1, 1000,12345,3,11.763022942991842,10.927848314039421,0.8351746289524207,5.68154008146506,5.258071255517353,0.4234688259477063,6.081482861526782,5.669777058522067,0.41170580300471443
exponential, true, 1, -1, 1000,12345,3,10.443877351139326,9.629254917750458,0.8146224333888674,5.211494798218523,4.835515213577508,0.3759795846410158,5.232382552920802,4.793739704172951,0.4386428487478517
exponential, true, 1, -1, 1000,12345,3,12.126054317765686,11.216600243933259,0.9094540738324264,5.602237094807747,5.2627075739103075,0.3395295208974392,6.5238172229579385,5.9538926700229515,0.5699245529349872
exponential, true, 1, -1, 1000,12345,3,11.242753678961401,10.365818892002412,0.8769347869589893,5.419007273259395,4.924326111385094,0.49468116187430167,5.823746405702006,5.441492780617319,0.3822536250846877
exponential, true, 1, -1, 1000,12345,3,11.143334873799882,10.140434735157893,1.0029001386419893,5.449090753288142,4.880780674724348,0.568310078563794,5.69424412051174,5.259654060433544,0.4345900600781954
exponential, true, 1, -1, 1000,12345,3,10.194442999629352,9.185193142666046,1.0092498569633057,4.811777095825054,4.342832717842104,0.4689443779829502,5.382665903804297,4.842360424823942,0.5403054789803556
exponential, true, 1, -1, 1000,12345,3,11.467527738000861,10.504255408008788,0.9632723299920722,5.573218480668419,5.091582315672382,0.4816361649960361,5.894309257332442,5.412673092336406,0.4816361649960361
exponential, true, 1, -1, 1500,12345,3,10.993231042388716,10.07712845552299,0.9161025868657264,5.584561369533468,5.100859203668365,0.4837021658651035,5.408669672855249,4.976269251854625,0.43240042100062287
exponential, true, 1, -1, 1500,12345,3,11.883292186680764,10.916784422164062,0.9665077645167022,5.624758301695561,5.157348809019451,0.46740949267611004,6.258533884985202,5.7594356131446105,0.4990982718405921
exponential, true, 1, -1, 1500,12345,3,12.011468079165393,11.050550632832161,0.9609174463332314,5.725466451068837,5.18895421019945,0.5365122408693875,6.286001628096555,5.8615964226327115,0.42440520546384386
exponential, true, 1, -1, 1500,12345,3,12.208199030491016,11.003656726149236,1.2045423043417802,6.104099515245508,5.4611343663063145,0.6429651489391935,6.104099515245508,5.542522359842922,0.5615771554025868
exponential, true, 1, -1, 1500,12345,3,12.031054722046203,10.916176984469923,1.1148777375762815,5.7027199382499,5.149291421035775,0.5534285172141253,6.328334783796302,5.766885563434147,0.5614492203621562
exponential, true, 1, -1, 1500,12345,3,12.096572697305286,11.09658935432805,0.999983342977237,5.991835676065219,5.524101531769414,0.4677341442958044,6.104737021240068,5.572487822558635,0.5322491986814326
exponential, true, 1, -1, 1500,12345,3,11.784333660244828,10.865155634745731,0.9191780254990967,5.570061710075722,5.0829759187856025,0.4870857912901196,6.214271950169107,5.78217971596013,0.4320922342089771
exponential, true, 1, -1, 1500,12345,3,11.991420600589693,10.896204185735835,1.0952164148538588,5.827830411886592,5.324190746661825,0.5036396652247671,6.163590188703102,5.572013439074011,0.5915767496290916
exponential, true, 1, -1, 1500,12345,3,11.039020394615171,10.030789865240319,1.0082305293748524,5.445916728010151,4.960199830647084,0.48571689736306756,5.593103666605021,5.070590034593236,0.5225136320117848
exponential, true, 1, -1, 1500,12345,3,10.89085162408424,10.084928603902005,0.8059230201822337,5.445425812042119,4.988010043830581,0.457415768211538,5.445425812042119,5.0969185600714235,0.34850725197069565
exponential, true, 1, -1, 1500,12345,3,11.458663266227036,10.63363951105869,0.8250237551683466,5.332097973217647,4.980698966386685,0.3513990068309624,6.126565293009388,5.652940544672004,0.4736247483373841
exponential, true, 1, -1, 1500,12345,3,11.45949198228526,10.420498042558062,1.0389939397271968,5.615151071319777,5.118573085420749,0.4965779858990279,5.844340910965482,5.301924957137313,0.542415953828169
exponential, true, 1, -1, 1500,12345,3,11.600517996609812,10.595139770236962,1.0053782263728503,5.56824863837271,5.111961597172724,0.456287041199986,6.0322693582371025,5.483178173064238,0.5490911851728645
exponential, true, 1, -1, 1500,12345,3,10.847820472461605,9.943835433089804,0.9039850393718004,5.243113228356442,4.787504768513055,0.4556084598433874,5.604707244105163,5.15633066457675,0.448376579528413
exponential, true, 1, -1, 1500,12345,3,11.870985904256605,10.87382308829905,0.9971628159575548,5.872181027305601,5.413169572341012,0.4590114549645887,5.998804876951005,5.460653515958039,0.5381513609929661
exponential, true, 1, -1, 1500,12345,3,12.383202680876185,11.35952459259042,1.0236780882857646,6.158579466622422,5.67976229629521,0.4788171703272125,6.2246232142537625,5.67976229629521,0.5448609179585522
exponential, true, 1, -1, 1500,12345,3,12.081801338139831,11.139420833764925,0.9423805043749068,5.98451892949193,5.49319234174091,0.4913265877510198,6.097282408647901,5.646228492024014,0.451053916623887
exponential, true, 1, -1, 1500,12345,3,11.387336173962828,10.491532394944418,0.8958037790184091,5.5570200528938605,5.101526605935347,0.4554934469585131,5.830316121068968,5.390005789009072,0.440310332059896
exponential, true, 1, -1, 1500,12345,3,12.334954483976329,11.38927464020481,0.9456798437715186,5.854991728394098,5.37804015501368,0.4769515733804181,6.479962755582232,6.011234485191132,0.46872827039110054
exponential, true, 1, -1, 1500,12345,3,11.828303775428143,10.645473397885329,1.1828303775428144,5.772212242408934,5.157140446086671,0.6150717963222635,6.05609153301921,5.488332951798659,0.5677585812205509
exponential, true, 1, -1, 2000,12345,3,10.782961704515504,9.855626997927171,0.9273347065883334,5.4453956607803295,4.9439879415203585,0.501407719259971,5.337566043735175,4.911639056406813,0.4259269873283624
exponential, true, 1, -1, 2000,12345,3,11.739610426038789,10.800441591955686,0.939168834083103,5.552835731516347,5.059772093622718,0.4930636378936291,6.186774694522441,5.740669498332967,0.446105196189474
exponential, true, 1, -1, 2000,12345,3,12.01298351379404,11.00389289863534,1.0090906151586994,5.892368413515976,5.369803630665936,0.5225647828500407,6.120615100278063,5.634089267969404,0.4865258323086586
exponential, true, 1, -1, 2000,12345,3,11.925360037454091,10.810338873952134,1.1150211635019573,5.873239818446139,5.282934496592162,0.5903053218539774,6.052120219007951,5.527404377359971,0.52471584164798
exponential, true, 1, -1, 2000,12345,3,12.278505498574507,11.394453102677142,0.8840523958973644,5.832290111822891,5.427099430369932,0.40519068145295867,6.446215386751616,5.96735367230721,0.47886171444440573
exponential, true, 1, -1, 2000,12345,3,12.205271144605039,11.112899377162888,1.0923717674421511,5.840222242693511,5.284882405613982,0.5553398370795293,6.3650489019115275,5.828016971548906,0.5370319303626218
exponential, true, 1, -1, 2000,12345,3,12.149146587144369,11.146841993704959,1.0023045934394104,6.019902133930035,5.509637977269971,0.5102641566600634,6.1292444532143335,5.637204016434986,0.4920404367793469
exponential, true, 1, -1, 2000,12345,3,12.274610809659798,11.341740388125654,0.9328704215341447,5.897950494041533,5.529712169751739,0.368238324289794,6.376660315618265,5.812028218373914,0.5646320972443507
exponential, true, 1, -1, 2000,12345,3,11.617286900266631,10.682095304795167,0.9351915954714638,5.640192790079449,5.175501314068784,0.46469147601066524,5.977094110187182,5.506593990726383,0.47050011946079856
exponential, true, 1, -1, 2000,12345,3,11.673466467117398,10.652038151244627,1.0214283158727724,5.591590437749234,5.124651779064538,0.466938658684696,6.081876029368165,5.527386372180088,0.5544896571880765
exponential, true, 1, -1, 2000,12345,3,12.253028769896428,11.229900867610077,1.0231279022863518,6.04074318355894,5.532242489608238,0.5085006939507017,6.212285586337489,5.697658378001839,0.51462720833565
exponential, true, 1, -1, 2000,12345,3,12.423029667249027,11.373283660366484,1.0497460068825428,6.143188170454644,5.646266983764683,0.4969211866899611,6.279841496794383,5.727016676601801,0.5528248201925817
exponential, true, 1, -1, 2000,12345,3,12.270841525303643,11.289174203279352,0.9816673220242915,6.080201975787956,5.552555790199899,0.5276461855880566,6.190639549515688,5.736618413079453,0.4540211364362348
exponential, true, 1, -1, 2000,12345,3,12.40130396273989,11.45260420959029,0.9486997531496016,5.909221338245558,5.487577003512402,0.42164433473315627,6.492082624494333,5.965027206077887,0.5270554184164453
exponential, true, 1, -1, 2000,12345,3,12.033964067037626,10.890737480669051,1.1432265863685744,5.866557482680842,5.258842297295442,0.6077151853854,6.167406584356783,5.631895183373609,0.5355114009831743
exponential, true, 1, -1, 2000,12345,3,12.176548244117509,11.232865755198402,0.943682488919107,5.899537624274934,5.449005339242586,0.4505322850323478,6.277010619842576,5.783860415955817,0.4931502038867591
exponential, true, 1, -1, 2000,12345,3,11.796188235670567,10.781716047402897,1.0144721882676686,5.644476070768365,5.125443788398861,0.5190322823695049,6.1517121649022,5.656272259004036,0.4954399058981638
exponential, true, 1, -1, 2000,12345,3,12.338071740227965,11.36953310862007,0.9685386316078953,5.965457686400222,5.533625175492243,0.4318325109079788,6.3726140538277445,5.835907933127828,0.5367061206999165
exponential, true, 1, -1, 2000,12345,3,10.946539011930243,10.032503004434068,0.9140360074961752,5.571788357072494,5.101087179559493,0.4707011775130004,5.374750654857749,4.931415824874574,0.4433348299831748
exponential, true, 1, -1, 2000,12345,3,11.8500624280117,10.919832527412781,0.9302299005989184,5.545829216309476,5.065901687975002,0.47992752833447383,6.304233211702224,5.853930839437779,0.4503023722644446
exponential, true, 1, -1, 3000,12345,3,12.017698056811383,11.024235017448309,0.9934630393630743,5.896683846542118,5.3879346288037695,0.5087492177383486,6.121014210269264,5.636300388644538,0.48471382162472576
exponential, true, 1, -1, 3000,12345,3,12.236875268294343,11.188582953643794,1.0482923146505487,5.975674089350404,5.384225118049511,0.5914489713008932,6.261201178943939,5.804357835594283,0.4568433433496555
exponential, true, 1, -1, 3000,12345,3,12.249811261092283,11.220827115160532,1.028984145931752,5.937075191209394,5.43483292950461,0.5022422617047837,6.312736069882891,5.785994185655922,0.5267418842269682
exponential, true, 1, -1, 3000,12345,3,12.220393978391048,11.185733954887272,1.0346600235037753,5.857642180308774,5.356606027194742,0.5010361531140329,6.362751798082272,5.82912792769253,0.5336238703897423
exponential, true, 1, -1, 3000,12345,3,11.722389975566294,10.819765947447689,0.9026240281186046,5.822120354531259,5.353224755508608,0.46889559902265177,5.900269621035035,5.466541191939082,0.4337284290959529
exponential, true, 1, -1, 3000,12345,3,11.787437121346374,10.895521045831165,0.8919160755152089,5.630465798296451,5.2414803732920205,0.38898542500443034,6.156971323049922,5.654040672539144,0.5029306505107786
exponential, true, 1, -1, 3000,12345,3,11.642548906129361,10.641289700202236,1.001259205927125,5.607827723118976,5.146006616509178,0.461821106609798,6.034721183010386,5.495283083693058,0.5394380993173271
exponential, true, 1, -1, 3000,12345,3,12.42194786960283,11.374363599266324,1.0475842703365053,6.161286143323003,5.656126929959155,0.5051592133638484,6.260661726279825,5.718236669307169,0.5424250569726569
exponential, true, 1, -1, 3000,12345,3,11.82690438162723,10.91229044278139,0.9146139388458391,5.814894654300055,5.341818479034965,0.4730761752650892,6.012009727327175,5.570471963746425,0.4415377635807499
exponential, true, 1, -1, 3000,12345,3,12.184980257583293,11.120825315087686,1.0641549424956076,5.865037163983425,5.3207747124780385,0.5442624515053871,6.319943093599869,5.800050602609648,0.5198924909902205
exponential, true, 1, -1, 3000,12345,3,12.243819121574907,11.288801230092064,0.9550178914828427,5.9504960930854045,5.472987147343983,0.47750894574142133,6.293323028489501,5.81581408274808,0.47750894574142133
exponential, true, 1, -1, 3000,12345,3,12.266786066497232,11.248642822977962,1.01814324351927,5.867612668474509,5.385119083192285,0.4824935852822244,6.399173398022723,5.863523739785677,0.5356496582370458
exponential, true, 1, -1, 3000,12345,3,11.802859433315483,10.787813522050351,1.0150459112651316,5.7834011223245865,5.260141020780933,0.5232601015436531,6.019458310990896,5.527672501269418,0.49178580972147845
exponential, true, 1, -1, 3000,12345,3,12.2856903186497,11.28235894262664,1.0033313760230587,5.843893361571039,5.360656209037485,0.4832371525335548,6.441796957078658,5.9217027335891546,0.5200942234895038
exponential, true, 1, -1, 3000,12345,3,12.074419406767126,11.080292208943298,0.9941271978238266,5.872192638157745,5.409339894231672,0.4628527439260731,6.20222676860938,5.670952314711626,0.5312744538977535
exponential, true, 1, -1, 3000,12345,3,11.652002583950043,10.715958376372724,0.9360442075773203,5.612381244602605,5.17348914727382,0.43889209732878504,6.03962133934744,5.542469229098905,0.49715211024853523
exponential, true, 1, -1, 3000,12345,3,12.345004751436255,11.312139353899422,1.0328653975368334,6.086087342458074,5.551137136562503,0.5349502058955711,6.258917408978182,5.7610022173369195,0.49791519164126236
exponential, true, 1, -1, 3000,12345,3,11.964286558138594,10.98720315589061,0.9770834022479852,5.866488509007291,5.379940855642988,0.48654765336430283,6.0977980491313035,5.607262300247621,0.49053574888368234
exponential, true, 1, -1, 3000,12345,3,11.707869521454944,10.771239959738548,0.9366295617163954,5.850032137553653,5.409035718912183,0.4409964186414695,5.857837383901289,5.3622042408263635,0.4956331430749259
exponential, true, 1, -1, 3000,12345,3,12.189286363779171,11.234458931949803,0.9548274318293684,5.944308650069642,5.468926481882255,0.47538216818738765,6.244977713709528,5.765532450067548,0.4794452636419807
exponential, true, 1, -1, 5000,12345,3,12.079718090703016,11.118172530683056,0.9615455600199602,5.863495161227244,5.3585629450358585,0.5049322161913861,6.216222929475773,5.7596095856471985,0.45661334382857405
exponential, true, 1, -1, 5000,12345,3,12.25518774473252,11.323793476132849,0.9313942685996716,5.992786807174203,5.539344860619099,0.4534419465551033,6.262400937558318,5.78444861551375,0.47795232204456833
exponential, true, 1, -1, 5000,12345,3,11.916856483106285,10.982574934830753,0.9342815482755328,5.8321095628322155,5.3459018183214795,0.48620774451073645,6.084746920274069,5.636673116509273,0.44807380376479633
exponential, true, 1, -1, 5000,12345,3,12.13843948927721,11.162508954339323,0.9759305349378878,5.804601763772363,5.3749010058519495,0.4297007579204133,6.333837725504849,5.787607948487374,0.5462297770174745
exponential, true, 1, -1, 5000,12345,3,12.22993419255498,11.205065707218873,1.0248684853361074,6.09050722789238,5.586633939159115,0.5038732887332652,6.139426964662601,5.618431768059758,0.5209951966028422
exponential, true, 1, -1, 5000,12345,3,12.215118056781645,11.201263258068769,1.0138547987128765,5.873028761700615,5.372208921372568,0.5008198403280475,6.342089295081031,5.829054336696202,0.5130349583848292
exponential, true, 1, -1, 5000,12345,3,12.28763980190852,11.289883449993548,0.9977563519149719,5.917727328599143,5.438509376324711,0.4792179522744323,6.369912473309377,5.851374073668837,0.5185383996405396
exponential, true, 1, -1, 5000,12345,3,11.835815645326168,10.931559330023248,0.9042563153029192,5.773510871790105,5.326117040396776,0.4473938313933291,6.062304773536063,5.605442289626473,0.45686248390959006
exponential, true, 1, -1, 5000,12345,3,12.207128559348485,11.159756928956385,1.0473716303921001,5.864304559911012,5.349163734706506,0.5151408252045061,6.342823999437473,5.810593194249879,0.532230805187594
exponential, true, 1, -1, 5000,12345,3,11.93208756078249,10.989452643480673,0.9426349173018167,5.772743961906569,5.340802392206243,0.43194156970032616,6.159343598875921,5.6486502512744305,0.5106933476014905
exponential, true, 1, -1, 5000,12345,3,12.054239366829545,11.070613434496254,0.9836259323332909,5.964437638707259,5.434051106566759,0.5303865321405,6.0898017281222865,5.636562327929496,0.4532394001927909
exponential, true, 1, -1, 5000,12345,3,12.328253419694649,11.388840509113917,0.9394129105807324,6.0753632852255235,5.629080511432577,0.44628277379294634,6.252890134469127,5.759759997681341,0.493130136787786
exponential, true, 1, -1, 5000,12345,3,12.222182134118231,11.290851855498422,0.9313302786198092,5.976647063583815,5.541537379609206,0.43510968397460903,6.245535070534416,5.749314475889216,0.4962205946452002
exponential, true, 1, -1, 5000,12345,3,11.766982024962127,10.752668174410392,1.0143138505517353,5.803475534711321,5.28808172201798,0.5153938126933412,5.963506490250805,5.464586452392411,0.49892003785839417
exponential, true, 1, -1, 5000,12345,3,12.371128434312693,11.341850548577877,1.0292778857348162,6.049481804378907,5.544739764258949,0.5047420401199578,6.321646629933786,5.797110784318928,0.5245358456148582
exponential, true, 1, -1, 5000,12345,3,12.34638656076413,11.373491299775916,0.9728952609882134,6.128746288763313,5.6497064902056655,0.4790397985576482,6.217640272000815,5.72378480957025,0.4938554624305652
exponential, true, 1, -1, 5000,12345,3,11.954743119979465,10.912289519917255,1.0424536000622093,5.931943536133811,5.401152941606722,0.5307905945270882,6.0227995838456545,5.511136578310533,0.5116630055351211
exponential, true, 1, -1, 5000,12345,3,12.10891319276825,11.067546658190182,1.0413665345780696,5.99149024778173,5.415105979805961,0.5763842679757687,6.1174229449865205,5.652440678384219,0.4649822666023008
exponential, true, 1, -1, 5000,12345,3,12.23778769074119,11.244079330253005,0.9937083604881846,6.0846280398365185,5.560850726672796,0.5237773131637229,6.153159650904669,5.683228603580208,0.4699310473244616
exponential, true, 1, -1, 5000,12345,3,12.400712692982006,11.46073867085397,0.9399740221280362,6.187955633798022,5.724168979080495,0.46378665471752706,6.212757059183986,5.736569691773476,0.47618736741050904
exponential, true, 1, -1, 1000000,12345,3,Infinity,Infinity,Infinity,Infinity,Infinity,Infinity,NaN,Infinity,NaN
exponential, true, 1, -1, 1000000,12346,3,Infinity,Infinity,Infinity,Infinity,Infinity,Infinity,Infinity,Infinity,Infinity
exponential, true, 1, -1, 1000000,12347,3,Infinity,Infinity,Infinity,Infinity,Infinity,Infinity,Infinity,Infinity,Infinity
exponential, true, 1, -1, 1000000,12348,3,Infinity,Infinity,Infinity,NaN,Infinity,NaN,Infinity,Infinity,Infinity
exponential, true, 4, 14, 5000000,12345,20,Infinity,Infinity,Infinity,NaN,NaN,Infinity,Infinity,Infinity,Infinity