distribution, operations, algorithm, threshold, iterations, seed, n_server, Global_sys_response_time, Cloud_response_time, Cloudlet_response_time, Global_class1_response_time, Cloud_class1_response_time, Cloudlet_class1_response_time , Global_class2_response_time , Cloud_class2_response_time, Cloudlet_class2_response_time
exponential, true, 1, -1, 50,12345,3,3.9575834682061,4.05848864299646,2.819727717438419,3.740368728128525,3.9000303512734513,1.7705241162863474,4.556308854352974,4.354277454212741,4.218665852307848
exponential, true, 1, -1, 50,12345,3,4.342519106338873,4.10781578875557,5.622959111815987,4.229376003547749,4.244623073218018,1.992763947628017,4.7392243704829715,3.882486143758594,8.043089221274634
exponential, true, 1, -1, 50,12345,3,4.201160020775341,4.2462344882916145,3.2860835512442828,4.235296168672725,4.351156370002299,2.683770412435755,4.33790084465215,4.1313200464180095,4.490709828861338
exponential, true, 1, -1, 50,12345,3,3.5093812738689283,3.9103923613566796,1.3002398221535592,3.7041202414771526,4.1970844184567895,0.785098275808412,3.404821400763298,3.5440636217287627,1.9441667550849933
exponential, true, 1, -1, 50,12345,3,4.006584105471844,3.873522668586707,4.556084197865535,3.6758461194739245,3.6061629539901485,3.0572809993468137,4.538753134792487,4.179076628125629,5.5552863302113495
exponential, true, 1, -1, 50,12345,3,4.003553405750653,4.124933362867828,2.713958688246807,4.394945770396188,4.577446547943777,2.432637574874769,3.775065489917597,3.7314436367148303,3.08905350607619
exponential, true, 1, -1, 50,12345,3,4.259358561655011,4.632111684247621,2.402873465738314,3.966341389084438,4.605751690777048,1.1681205193449695,4.791297793936639,4.661246413872992,4.255002885328331
exponential, true, 1, -1, 50,12345,3,2.9764871497984378,3.3316380480249634,1.4907264669215268,3.191180999963593,3.5815192189698677,1.5776642643757794,2.7604270493191767,3.008262415037441,1.3385853213765837
exponential, true, 1, -1, 50,12345,3,4.618970917554497,5.07158208266069,2.1513070059467108,3.508963317684123,3.6703376045960243,1.6850480632980749,5.418300969891327,5.968378548622078,2.3844364772710294
exponential, true, 1, -1, 50,12345,3,5.433661556920488,5.744132107298567,2.753643336873042,6.1678807995823215,6.412528741835653,2.3257581841456827,4.918103491089164,5.043907061593046,3.0745572014185614
exponential, true, 1, -1, 50,12345,3,4.326078066154976,4.2311086134155325,4.380692351241057,3.6375479371273483,3.471308938192108,4.331915353865869,5.2216542463295035,5.13563203630056,4.39695135036612
exponential, true, 1, -1, 50,12345,3,4.443346232753147,4.8800915647607175,2.276708479264098,4.642531263124345,4.959747313550624,0.9567691484874488,4.423600004724627,4.792051000308718,2.8423967638826615
exponential, true, 1, -1, 50,12345,3,5.242270581121581,5.145393622584816,5.15811964314055,5.343570993008159,5.343570993008159,0.46205275706201776,5.336601732091886,4.986851726246141,6.332136364660183
exponential, true, 1, -1, 50,12345,3,3.9597071503178833,4.11654235831221,2.339768761234207,3.541727061121843,3.666044063251128,1.9697996761066134,4.361694935669148,4.428425793354497,2.7097378463618007
exponential, true, 1, -1, 50,12345,3,2.9996957134290296,2.8907098391718096,3.2458020623408705,2.4631282818445754,2.272472061167305,3.002011686046118,3.891449517569909,3.799883042119611,3.6521193561654575
exponential, true, 1, -1, 50,12345,3,5.1530886420168,5.070754392327498,4.870949178720021,4.4877477480043675,4.336191248163124,3.874251303998401,5.9112624861307985,5.687787433425572,5.867647053441642
exponential, true, 1, -1, 50,12345,3,3.5950812527983236,3.9070335333298916,1.7840965076377053,2.6196773863686817,2.6355858763855418,1.8988268567205493,4.806905209131781,5.3792360834759805,1.6923122283714302
exponential, true, 1, -1, 50,12345,3,3.724361147253146,3.7123379362875797,3.2709587348395326,4.102466320679334,4.331905424669236,0.8283340746392988,3.336877660570192,2.72831898415201,5.713583395039766
exponential, true, 1, -1, 50,12345,3,4.080328669794339,4.19699440799654,2.781887526442424,2.947764490035977,3.0061000391836994,1.4816692201348194,5.688890100492129,5.85101436468104,3.757051256173127
exponential, true, 1, -1, 50,12345,3,4.2716820198294645,4.133578921261564,4.7948355566630365,3.9800413654501234,3.805956542216708,3.9918624327697296,4.733923397394911,4.4612013003064215,7.203754928342957
exponential, true, 1, -1, 100,12345,3,4.134417893581997,4.232716861769701,3.096650279808487,3.914279989964703,4.145742078988922,1.5838258246105563,4.595226573801536,4.377674833070999,5.21460451708559
exponential, true, 1, -1, 100,12345,3,3.8249982106266667,3.968135829827299,2.382246524701397,3.8893339997891054,4.070152478824945,2.192956397045618,3.826033291210788,3.8487017041715172,2.71350424809901
exponential, true, 1, -1, 100,12345,3,4.031266972381348,4.064291387100461,3.3345815496911753,4.048651701908698,4.126424237789609,2.333684590703328,4.09543573043229,4.000777806396,4.135299116881454
exponential, true, 1, -1, 100,12345,3,3.6671051264345524,3.841772095477145,2.262605208977031,3.6480826420506776,4.016667719022079,1.0561409132399862,3.7726446573474277,3.6265159434218455,4.1929480821563025
exponential, true, 1, -1, 100,12345,3,4.970866924060532,5.209520950138175,2.887086279355977,4.866667689347784,5.010745592519577,2.8933677357615037,5.131452885362212,5.367729908242773,2.8825995247806016
exponential, true, 1, -1, 100,12345,3,4.359582052352746,4.38739321605364,3.613531211391706,4.036785244279983,4.05478013702688,2.467916969980231,4.7521442258238995,4.7426844595594995,4.186338332097444
exponential, true, 1, -1, 100,12345,3,4.618734625458541,4.626113861927871,3.9268845025951054,4.442416014821679,4.626704187313483,0.7198820198416673,4.81650317888571,4.62568751581604,6.332136364660183
exponential, true, 1, -1, 100,12345,3,4.127166698013979,4.163198112941058,3.2458020623408705,3.393039251525241,3.371231717395885,3.002011686046118,5.011622458116735,5.027161453535795,3.6521193561654575
exponential, true, 1, -1, 100,12345,3,3.5826876141708652,3.7370932083638504,2.474627542675696,3.2580084922183183,3.3063576351603796,2.4664578567565747,4.078776274721821,4.323372183001909,2.481776017854927
exponential, true, 1, -1, 100,12345,3,4.206589766270033,4.470320564464311,2.118643473951059,3.5022940588164455,3.773575589656213,1.1816285446364574,5.110022894774335,5.288995909863826,3.2118275581514277
exponential, true, 1, -1, 100,12345,3,4.812767263915538,4.824019425529364,4.002431040116877,4.289028817027499,4.260719880916527,3.6837439135475045,5.266633538535909,5.213208201807322,4.799148856540306
exponential, true, 1, -1, 100,12345,3,4.373842668293914,4.619581706588036,2.4423363854798623,4.315147711677221,4.459449823066955,2.6209501448579813,4.516796924963234,4.791151581789195,2.2892388774414747
exponential, true, 1, -1, 100,12345,3,3.590161931611778,3.438474277741176,4.72809582628061,2.9116882808445275,2.9183898794409826,1.4547784620583755,4.253633264050099,3.9472524934696245,5.663329358915535
exponential, true, 1, -1, 100,12345,3,4.628315725013557,4.946720930757027,2.39446822595935,3.4208843966874682,3.6985284123953015,1.5303046022028979,5.697183147802402,5.934873341126726,3.2586318497158016
exponential, true, 1, -1, 100,12345,3,4.610867429892146,4.579412209564592,4.531617457059705,4.314720856181268,4.227814462735394,4.432553708022249,5.047782185448375,4.9709642458062,4.779276829653344
exponential, true, 1, -1, 100,12345,3,4.786903265577679,4.765695097734826,4.439212444849378,4.1214894576245715,4.017661708722166,4.168907834020265,5.408615053327624,5.36705527321559,4.709517055678491
exponential, true, 1, -1, 100,12345,3,4.186804372430884,4.533565236127507,2.1181886028265073,3.853613699464605,4.491899611679233,1.688884031322998,4.549395291301712,4.563326396447704,3.406102317337036
exponential, true, 1, -1, 100,12345,3,4.7359501439586795,5.17370570205076,1.984552584822981,3.877884538070083,4.07881969545047,2.1571956426333827,5.714984090913151,6.348705318890098,1.8334899092388792
exponential, true, 1, -1, 100,12345,3,4.667609077213159,4.780580029228736,3.049528423616925,4.631345086425935,4.68762211501563,3.466208148426303,4.8064486273954365,4.884347003234066,2.2161689739981707
exponential, true, 1, -1, 100,12345,3,3.3818270036895584,3.540101332705885,2.0708673947141505,2.464798514701021,2.598104035034583,1.0724104783207502,4.400582975931321,4.549384151639423,2.926687608765637
exponential, true, 1, -1, 150,12345,3,4.167528453392135,4.244310788415099,3.1476420042708817,4.007330398929144,4.187282817002726,1.9993294971516005,4.463395926725819,4.3257793190042015,5.21460451708559
exponential, true, 1, -1, 150,12345,3,3.8332920714275214,4.010437281746323,2.2259366450510614,3.8572592606655145,4.079786215591842,1.7723222976747393,3.8549911139125497,3.9356704624441257,2.736252785849423
exponential, true, 1, -1, 150,12345,3,3.981419696236264,4.208731477875107,2.3350537560815967,3.618992175832784,3.9262302169130963,1.030984355728221,4.395283402557884,4.50006090324218,3.402019629097995
exponential, true, 1, -1, 150,12345,3,4.719906516539746,4.881567289878477,2.8140490874139235,4.721528987375098,4.846683899188531,2.0298079610811612,4.779555845752387,4.918564825458724,3.249738602043235
exponential, true, 1, -1, 150,12345,3,4.098768946330472,4.099959787039446,3.753110487438128,3.6422231255196342,3.7528234372756093,1.8955913014609531,4.5655031295470785,4.413809089565655,5.982133510610737
exponential, true, 1, -1, 150,12345,3,4.12219467519957,4.124701153486569,3.796931067707525,3.6588772885132794,3.6943609646822004,2.6303577409269123,4.696235853391057,4.615557931341554,4.7968510620909095
exponential, true, 1, -1, 150,12345,3,4.472170030009795,4.704818353001208,2.389432995960248,3.996502196602158,4.254087220404926,1.4640198049156545,5.100849030866687,5.25320789766002,3.430522835885416
exponential, true, 1, -1, 150,12345,3,4.467079955574691,4.710376522689388,2.520957438380195,4.111075027153784,4.231314470363923,2.5695305551453487,4.794706575218554,5.097563660870242,2.490047273166006
exponential, true, 1, -1, 150,12345,3,4.0672306729398535,4.0272538906707664,4.1903603197399155,3.2311702784207292,3.2722574740333137,1.3637044740454067,4.805302728811563,4.699510973978086,5.132578934971418
exponential, true, 1, -1, 150,12345,3,4.55168870843727,4.431591007114552,6.3843749858122445,4.040881171765763,3.9508675347520317,5.013102160158146,5.1634601393448225,4.9618007192790925,7.412829605052819
exponential, true, 1, -1, 150,12345,3,4.4749515798166,4.554981967657428,3.291498544754975,3.956213892013316,4.012705355070691,2.898433985818768,4.965657080734385,5.003263967395798,3.7500738635138844
exponential, true, 1, -1, 150,12345,3,4.704572722047317,5.046319561678381,2.391565716021513,4.053834166771431,4.501278146873264,1.4212099214381593,5.397967618955332,5.550686244035355,3.685373442132651
exponential, true, 1, -1, 150,12345,3,4.3021197113866005,4.359209907877048,3.224627239087125,3.93267132932564,3.9208596889679352,3.5445585990224897,4.795004556173809,4.8582547724812715,2.6647473592002386
exponential, true, 1, -1, 150,12345,3,3.524045771863682,3.616313697959709,2.547525470182895,2.7082931803737837,2.7716362295654755,1.3071766171965495,4.364053827755843,4.512971318255127,3.1113204033585067
exponential, true, 1, -1, 150,12345,3,4.211670822348907,4.273109155086728,3.436438975288565,3.8298799715220793,4.082196466447413,1.5751227830424368,4.550628234263634,4.414434132391154,5.297755167534693
exponential, true, 1, -1, 150,12345,3,4.588915844270715,4.6836793146912,3.244784740795757,3.6860094619989336,3.852967255522815,1.5473149972771838,5.377538283583445,5.370401283603733,4.699758806668819
exponential, true, 1, -1, 150,12345,3,5.047437057073373,5.112624921144848,3.9141811431083022,3.9118424285561697,4.1334922625420525,1.5482865282180176,5.982056034472303,5.843875894025416,7.226433603954701
exponential, true, 1, -1, 150,12345,3,4.581861116260367,4.705801727880628,2.970569246540869,5.10864163770256,5.319477389655431,1.9777484380545318,4.152536467236475,4.135342662005459,3.821558510957728
exponential, true, 1, -1, 150,12345,3,3.812162963907381,3.82892129205576,3.470814268741064,3.7957085012167173,3.838521953146391,2.0477918081940274,3.8565807161244465,3.819463924414239,3.7757476531439997
exponential, true, 1, -1, 150,12345,3,3.89893788107627,4.0385017804128385,2.4864824558117924,3.7714334827432037,3.7875914759388105,3.1851975702305864,4.065640379979684,4.267905487360519,1.7877673413929993
exponential, true, 1, -1, 200,12345,3,3.988993467509438,4.086055761469637,2.8043926208734664,3.901457904822766,4.059558366957663,2.0534041627951254,4.155215539375893,4.123012653815281,3.98451734071086
exponential, true, 1, -1, 200,12345,3,3.825025162547943,3.948723441847804,2.5588053861022555,3.760290459359163,3.9554221941153784,1.9822609911229598,3.9388641186374587,3.9414015498344086,3.4236219785711994
exponential, true, 1, -1, 200,12345,3,4.669588724897927,4.805506422117463,3.1799235438876385,4.436415975337893,4.574853441443955,2.1705203494166203,4.914688232410925,5.018983116996134,3.7687420739957336
exponential, true, 1, -1, 200,12345,3,4.3469635142121525,4.382416764505275,3.5984481348070587,3.79074378720564,3.910748400234269,2.274178481582793,4.885969550141023,4.788051557778343,5.982133510610737
exponential, true, 1, -1, 200,12345,3,3.8812202361401957,3.9468456824070675,3.056316869703504,3.3433627033700732,3.384844607420252,2.6028335973459766,4.582337813558326,4.640674170045112,3.560187172322979
exponential, true, 1, -1, 200,12345,3,4.592758768172653,4.709294136243907,3.1696848220765235,4.312302638247602,4.384900939011074,3.168270029832929,4.871634084331989,4.993556216293299,3.1710996143201187
exponential, true, 1, -1, 200,12345,3,4.118553414177285,4.202426713362015,3.1042570939032244,3.1545737158445943,3.248051514742867,1.6116099955467214,4.974079258872047,5.047446420472718,3.974967901277852
exponential, true, 1, -1, 200,12345,3,4.717986086266167,4.711785556152769,4.531239561230957,4.277888237509746,4.2661029333383,3.9138641779099577,5.19000712054474,5.143393990878358,5.25151084177212
exponential, true, 1, -1, 200,12345,3,4.479151208414847,4.808800557828439,2.1091022316032086,3.9099425974730244,4.362981799894105,1.5341041631022458,5.0636416927928165,5.197094314738988,3.1952096943272497
exponential, true, 1, -1, 200,12345,3,4.013423628104391,4.13558355449043,2.576685272432207,3.5442764949385146,3.5942922773899415,2.748880995229456,4.571539634983346,4.726648742128899,2.361440618935645
exponential, true, 1, -1, 200,12345,3,3.9324475761990763,3.9348619692021534,3.706950868323289,3.407373563015887,3.578835002561441,1.3537572162236793,4.47383106425381,4.2792793608437085,5.824825155212936
exponential, true, 1, -1, 200,12345,3,4.50354283990394,4.702404813921556,2.4987014084951555,3.6106172717866056,3.8406219101068446,1.6301685304132825,5.191725408585422,5.317964030932061,3.367234286577029
exponential, true, 1, -1, 200,12345,3,5.0197684414886155,5.044725808427529,4.308806539357089,4.245355869922545,4.375475685478814,2.485289623983582,5.647728591574239,5.534269879843721,7.226433603954701
exponential, true, 1, -1, 200,12345,3,4.122212480651447,4.280970081933257,2.8102645556908605,4.352405855187056,4.560849127587897,2.2239217922208785,3.9501295130841143,4.02542834459641,3.2290808153122765
exponential, true, 1, -1, 200,12345,3,3.797551163582318,3.9085624665447747,2.686625917776753,3.713794557233849,3.7660339387640662,2.916622967239012,3.9048874608243285,4.046392251651392,2.4775376909928815
exponential, true, 1, -1, 200,12345,3,3.6199674313872117,3.889617477620579,1.908963986083366,3.127347087495074,3.53470769560234,0.9370757495524752,4.15148829162178,4.23228899129336,3.2858056545021284
exponential, true, 1, -1, 200,12345,3,4.239940527676048,4.27877678884652,3.490184785037057,3.858400198278853,3.8728626733782026,3.2241717441122826,4.647496539114823,4.663327003500715,3.794199688951085
exponential, true, 1, -1, 200,12345,3,3.7790212308079343,3.8399062948092904,3.0040320915537198,3.4751595811658325,3.6149337999155797,2.11917536839171,4.07820494608861,4.026247149165698,4.220710085901483
exponential, true, 1, -1, 200,12345,3,4.236769145092661,4.411575335614729,2.4739418352729308,4.280995154310682,4.508285356380281,2.1553028552537836,4.234831038755122,4.32309595491433,2.8633894775185547
exponential, true, 1, -1, 200,12345,3,3.9274711358575276,4.088450980242157,2.380044090828287,3.9831316072104292,4.206865580902103,1.4300918283657447,3.910164956511733,3.9789493065136057,3.0925082876751935
exponential, true, 1, -1, 250,12345,3,3.9843235841409212,4.075365037846951,2.9748162344373448,3.847275894034305,4.025540067953222,1.9535731368373936,4.200664968416076,4.141627111210775,4.4045565710772765
exponential, true, 1, -1, 250,12345,3,4.203443886324678,4.292919290404404,3.2378566357246252,4.087985895244596,4.169324996432035,3.1708745747731157,4.344972285320235,4.411139919421454,3.3231065314810917
exponential, true, 1, -1, 250,12345,3,4.198521140219358,4.314040433178677,2.818476615016642,3.7754081747395714,3.877659758285689,2.0916418708544584,4.627293666325196,4.742831878943091,3.321669899436616
exponential, true, 1, -1, 250,12345,3,4.150684204825753,4.247258658469348,3.0273829057474937,3.581048412687582,3.756821244880047,1.6890699578831987,4.833999208306253,4.797281926046131,4.76718973797108
exponential, true, 1, -1, 250,12345,3,4.444047622015654,4.568071284721517,2.965203167854665,4.037584151791209,4.1091739652141825,2.8793422243850246,4.830360621892023,4.981078872278122,3.0367539540793658
exponential, true, 1, -1, 250,12345,3,4.411828713948102,4.441092075237878,3.826942646877519,3.8076870995949252,3.932625551732067,1.6354756849294425,5.015214589046645,4.932322445404512,5.580116216435979
exponential, true, 1, -1, 250,12345,3,4.54919605401257,4.774987508261677,2.4310323406431946,3.840140142728321,4.048859541117935,2.182368534603621,5.19278967487486,5.371238928436626,2.7701193488789775
exponential, true, 1, -1, 250,12345,3,4.154703343848329,4.381629696679298,2.142260741732506,3.7189171300080415,3.874120829897359,2.387716095686727,4.676971551863796,4.931826225153177,1.7852347723445463
exponential, true, 1, -1, 250,12345,3,4.013043707884895,4.0069434409255535,3.8867953555288604,3.4413152684647836,3.5878398134001195,1.3537572162236793,4.528007821618755,4.365209445100523,5.9592811058694615
exponential, true, 1, -1, 250,12345,3,4.734331585352938,4.809377724042801,3.577900918194607,3.758016072994281,3.867387568874484,1.9897449774759106,5.577685352832439,5.60818537562553,4.732923420535477
exponential, true, 1, -1, 250,12345,3,4.491853288610067,4.468043404574494,4.559972133771245,4.482015305448896,4.588176753471109,2.7772442817459724,4.5224269678244315,4.367932280493982,6.164427200593991
exponential, true, 1, -1, 250,12345,3,3.8707856322216254,4.005001456207309,2.5724498072342694,3.7982912392649713,3.9218164501643153,2.657213763005747,3.960260788260393,4.078399990951124,2.473558525500878
exponential, true, 1, -1, 250,12345,3,3.694187934059515,3.902605369309846,2.046354658537812,3.3378608824818277,3.6924506164516235,0.9370757495524752,4.062228653971609,4.098012420213103,3.496950154903252
exponential, true, 1, -1, 250,12345,3,4.075352622058849,4.183506557965342,2.8324298087586812,3.7402250528355845,3.888120144486185,2.3777809746880507,4.425942646809732,4.456363499229985,3.5396613284241063
exponential, true, 1, -1, 250,12345,3,4.106974420365736,4.092700896484715,4.075167219958973,3.658016684754302,3.755466481643736,1.878800633048312,4.556550884226092,4.407638821088279,6.271533806869635
exponential, true, 1, -1, 250,12345,3,3.9822055881102556,4.127371180597373,2.395187204861403,4.259400833881248,4.375701398543154,2.7908655229647743,3.7623478998042335,3.909825700413466,2.0324820799333128
exponential, true, 1, -1, 250,12345,3,4.473541579798977,4.620963549047097,2.9691167673643437,4.1994207720549825,4.311875616546258,2.7063176382510084,4.753557458253508,4.911399623552195,3.1756017973819652
exponential, true, 1, -1, 250,12345,3,4.6699559228212495,4.806502302066969,2.9795724088466446,4.266060395127125,4.413113954117418,1.9548309129553887,5.019055363802563,5.128081665866998,3.6101825601643416
exponential, true, 1, -1, 250,12345,3,4.367920048228025,4.532902224537134,2.637398721647536,4.095698412043656,4.220576718578182,2.346587878117168,4.667579762831578,4.856482703683794,2.845120752740656
exponential, true, 1, -1, 250,12345,3,4.524976446705936,4.7646898770651624,2.3868183316103946,4.329115639365406,4.6320698507994225,1.6383738781037516,4.72281883277091,4.876485271107353,3.0818024670094193
exponential, true, 1, -1, 300,12345,3,3.9976145838240527,4.091361325904344,2.913949419271228,3.936144033434802,4.104670494983135,1.9881006694372418,4.101317743690152,4.074642369706197,4.0712603565637115
exponential, true, 1, -1, 300,12345,3,4.309562004717529,4.459027999484507,2.9420052517151833,4.0849312614468705,4.258250159551542,2.1526691973404604,4.561940533668883,4.665890016385138,3.5559332940066373
exponential, true, 1, -1, 300,12345,3,4.081616959187671,4.174450764937281,3.008906100974003,3.5629194720368367,3.6993004241872898,2.305512748322972,4.631017296455181,4.632509366811373,4.204674800480758
exponential, true, 1, -1, 300,12345,3,4.474899556607785,4.785214631582782,2.1484158575265404,4.051454361145708,4.416083901355663,1.3629913275033811,4.910936456017832,5.1405718270999365,2.977475083662098
exponential, true, 1, -1, 300,12345,3,4.3253904801591325,4.381655720202871,3.41906608329946,3.6824537233341466,3.7881599464777937,1.4361447312035793,4.961023026823636,4.9666729828747345,4.552163998782821
exponential, true, 1, -1, 300,12345,3,4.589548341803166,4.907509623923034,2.1318510761576133,3.9859971781507166,4.272511134628964,1.9091812558746928,5.165196670671329,5.4699368572977844,2.3807173458855835
exponential, true, 1, -1, 300,12345,3,3.9040015860559656,4.039237354905237,2.5189100303337635,3.329136011845,3.3947115779283146,2.383055583772492,4.543525747054654,4.748715341965104,2.6292917681647956
exponential, true, 1, -1, 300,12345,3,4.407986707360073,4.513437822676976,3.07333288482979,3.75794372438281,3.9816504505313146,1.4172600176309382,4.950395127757241,4.925144175305874,4.867411824295211
exponential, true, 1, -1, 300,12345,3,4.7838684535527936,4.855331182622865,3.6277885234220673,4.43246038121464,4.617084776312458,2.5123465210726414,5.104607966455283,5.045928307671186,5.858672528120919
exponential, true, 1, -1, 300,12345,3,3.8663545120741056,3.934024228032413,3.0477584313749158,3.790387844425593,3.864353777681761,2.5801599592779625,3.9494180673485273,3.9982976716657617,3.322816356137829
exponential, true, 1, -1, 300,12345,3,3.674649866615031,3.9138415184405853,1.9825307494457254,3.4145148522920463,3.819018999637029,0.9660372228859683,3.9434748958265984,4.000994568811502,3.297992960287764
exponential, true, 1, -1, 300,12345,3,4.079058694537764,4.0628922572376425,4.122125885844448,3.5481863202971464,3.599369102079979,2.849607961111128,4.598342585470721,4.473172887816386,6.667161735311085
exponential, true, 1, -1, 300,12345,3,4.245610791670571,4.424647509265915,2.5076045483458143,4.234620713960072,4.490910838092782,2.127235479378975,4.281320681111714,4.367523949932406,3.0050102539178343
exponential, true, 1, -1, 300,12345,3,4.1683290435161595,4.300456196110799,2.6809995919542375,4.047228043807756,4.115496204949354,2.861256146956122,4.307662824231174,4.478762950180108,2.557073210390442
exponential, true, 1, -1, 300,12345,3,4.640893235760258,4.717436980948004,3.4720371178999523,4.244690204747695,4.353987061318767,2.0644674422956744,4.992644135614412,5.027580912364956,4.276362646816683
exponential, true, 1, -1, 300,12345,3,4.312963999819155,4.520697884300072,2.564469964066561,4.067198719583099,4.252688329092817,1.9166442526880316,4.571050161595697,4.792768190343799,2.9655049282532695
exponential, true, 1, -1, 300,12345,3,4.483821738073178,4.584547771768331,3.2611940734511564,4.352340490722449,4.537780299730873,2.4623058386922425,4.636761539318652,4.6273907006977515,4.350587120849676
exponential, true, 1, -1, 300,12345,3,4.152580859371818,4.238352819868523,3.0661818133295067,3.8462904623891423,3.9294873782536563,1.888774843719076,4.4981904681893194,4.58285658166972,3.620255681381475
exponential, true, 1, -1, 300,12345,3,4.281800111671571,4.382499727413014,3.008627693870484,3.6470622113836018,3.7111559918918258,2.7788594553512747,4.930400641220463,5.029866900951299,3.3010599974403867
exponential, true, 1, -1, 300,12345,3,4.393561697400373,4.650387257204592,2.3430029274171416,4.12137865040329,4.4081280894384705,2.01067218870619,4.710862581072182,4.901964085269412,2.786110579031745
exponential, true, 1, -1, 350,12345,3,4.029247740781787,4.1203565746209065,2.9724267728255453,3.917214447847664,4.05728747928436,2.247883548828554,4.191433317755678,4.198970869512238,3.852229259107607
exponential, true, 1, -1, 350,12345,3,4.38881777834467,4.5321199494247,2.7301008498457366,4.116704813474007,4.23134037310489,2.7281692075326975,4.648214966727135,4.797513693236298,2.7320324921587757
exponential, true, 1, -1, 350,12345,3,4.092488064558435,4.183108768800583,3.0024889433542468,3.5425991878403793,3.6263257690019284,2.6691639488131207,4.769415568927342,4.822101339039308,3.6691389324365002
exponential, true, 1, -1, 350,12345,3,4.2508455993879455,4.5554087461082196,2.1266104028577826,3.5000224663048902,3.699981556698867,1.8747621948009547,4.888100503162473,5.2717001878425505,2.31065332413008
exponential, true, 1, -1, 350,12345,3,4.5767273437207905,4.682908696195466,3.232572318329215,4.024380489729627,4.143374497955179,2.6678813697342374,5.1201791528363705,5.177481711249067,3.985493583122519
exponential, true, 1, -1, 350,12345,3,4.01915494965539,4.23126013519797,2.183032763578745,3.4813414042600237,3.603863978578001,2.2692787068882923,4.625299199039229,4.917606266265452,2.0967868202691973
exponential, true, 1, -1, 350,12345,3,4.547681395666877,4.628560256423039,3.5700252627432767,3.7168210784895535,3.904950968576386,1.6996608920635132,5.2455357092132315,5.209082961927135,5.323491860255553
exponential, true, 1, -1, 350,12345,3,4.431926840106379,4.545996345757235,3.123887871183218,4.380666027950957,4.569571224920214,2.460110515783305,4.4951622720356434,4.527321862824767,3.8319170502764583
exponential, true, 1, -1, 350,12345,3,3.7336484857375263,3.904979697936833,2.280353325538125,3.4548265167228513,3.5843103355620096,2.1667335053424104,4.021205594818899,4.223593487475922,2.3777417428487393
exponential, true, 1, -1, 350,12345,3,4.003112366571548,4.161247844281046,2.5140340496313276,3.781275002573167,4.04593348107234,1.3244311550486851,4.236493834553713,4.270832301243363,3.70363694421397
exponential, true, 1, -1, 350,12345,3,4.185484372102948,4.231687440229458,3.4586680713570788,4.016667750677301,4.199323479305757,1.8905217261122782,4.365816093183539,4.261370362970136,5.5970494512363524
exponential, true, 1, -1, 350,12345,3,4.186995653965581,4.28293173417113,2.9944655635294453,4.1649897592686935,4.310402896304278,1.5731231640911518,4.226014023970546,4.257913354371294,3.7425405106022303
exponential, true, 1, -1, 350,12345,3,4.581367787231412,4.7009292255908335,3.160174178657478,4.229741030036709,4.351375606777128,2.5806062114682318,4.900775995700326,5.001707920849134,3.6033732123904314
exponential, true, 1, -1, 350,12345,3,4.293503745371675,4.455438579539246,2.62475122409649,4.091156603851287,4.194718618058974,2.4331614476633385,4.502018143460398,4.714518792834105,2.734231096344006
exponential, true, 1, -1, 350,12345,3,4.471449574241376,4.46217129501044,4.432756491570181,4.279312237003546,4.336916989079639,3.0250541502977866,4.7066902628630505,4.60027219642132,5.840458832842576
exponential, true, 1, -1, 350,12345,3,4.006086183906467,4.128751315509359,2.712482424109544,3.374445684463661,3.476101127563983,2.339775450742063,4.616559271759111,4.7299805795560035,3.1597307921505204
exponential, true, 1, -1, 350,12345,3,4.5675656438030545,4.592690042708924,4.051781493213089,4.159385651272998,4.203759188060979,3.4018724987283817,5.02274408888044,4.993699495327299,5.062751040189301
exponential, true, 1, -1, 350,12345,3,4.095615269105004,4.175107964339649,3.0810853930674362,3.541707183548304,3.6383170322832483,2.111328608867364,4.550732138600078,4.600942111557575,3.7656195936792534
exponential, true, 1, -1, 350,12345,3,4.014347894590574,4.16326529103748,2.535248374578371,3.9363300265323233,4.147312230988747,2.4178213810316858,4.091916271421909,4.174270343156659,2.7030012225022073
exponential, true, 1, -1, 350,12345,3,4.16569812263961,4.305133974568914,2.8387676433076203,4.147427744599782,4.3885621360270415,2.3099861707816167,4.192415898084169,4.224834369165468,3.579061704844027
exponential, true, 1, -1, 400,12345,3,3.903186309886411,4.027241285299304,2.6274081077670446,3.828137272024156,4.029520432729798,1.9249523292269928,4.017113377325009,4.024427523039439,3.7045069681951244
exponential, true, 1, -1, 400,12345,3,4.515534746070249,4.6477665494529505,2.9877311783731377,4.128462390915507,4.234882659018042,2.266325415919842,4.88061060973713,5.034435589701519,3.3812252306203896
exponential, true, 1, -1, 400,12345,3,4.226651591899665,4.3078010366390975,3.2313255237118326,3.762973336796714,3.8227547916128137,2.9873796299741855,4.730472671181343,4.803566535699108,3.5403236557795204
exponential, true, 1, -1, 400,12345,3,4.428691476742392,4.493111219875329,3.4874912782582808,3.7533416185951434,3.8342345744236015,2.380045681983796,5.065449764937614,5.1039447765962045,4.33436144011524
exponential, true, 1, -1, 400,12345,3,4.2629377422600525,4.4756403204366215,2.2474627103464218,3.758865487531181,4.0211669700734,1.6549502269765548,4.800828995575853,4.9250918658234495,3.136231435401223
exponential, true, 1, -1, 400,12345,3,4.230510765788472,4.3117501184527205,3.2014096162899777,3.5316656479062907,3.7162917970866767,1.2407347046549133,4.838082190135259,4.814448600811988,4.8353053759858655
exponential, true, 1, -1, 400,12345,3,4.565354530697069,4.710022613033907,2.988125498198457,4.265807411918752,4.518192633926308,2.160895430882001,4.827722067964109,4.860477498608496,4.146247592441494
exponential, true, 1, -1, 400,12345,3,3.707694442528564,3.8841874558846503,2.31044797603322,3.416685127939805,3.5933395114887317,1.8555320922963834,4.008927256394374,4.176687945419177,2.7107739537216355
exponential, true, 1, -1, 400,12345,3,4.011351802587163,4.06740112921304,3.271862651991546,3.6846147638539386,3.785369563322957,2.441688025761233,4.328684465269917,4.321667929549174,4.153923192361254
exponential, true, 1, -1, 400,12345,3,4.073268910903193,4.204530875873352,2.64528871875404,4.108472244051607,4.2956099122263955,2.095967284951928,4.059552356183218,4.121121653107931,3.194610152556152
exponential, true, 1, -1, 400,12345,3,4.464058072038801,4.586582835266562,3.059694292027037,3.990108139256147,4.0531610487440375,2.7303074085184145,4.904985577060126,5.088793772577664,3.2315483182054496
exponential, true, 1, -1, 400,12345,3,4.45404110991133,4.523219966013775,3.5503706446196257,4.269723623684258,4.337484646924361,3.2715470799755018,4.639275943951518,4.688849915511041,3.812792823108212
exponential, true, 1, -1, 400,12345,3,4.382978564948845,4.445861430775012,3.5320586431174554,4.233566623378012,4.368553724438197,2.619859305033579,4.560233896694776,4.524868207580765,4.704886363511012
exponential, true, 1, -1, 400,12345,3,4.0924633318218415,4.106113357649901,3.7836931286584856,3.568631357878294,3.612203457594279,2.758628601906263,4.614716639666744,4.5868873561083,4.740420020293892
exponential, true, 1, -1, 400,12345,3,4.4754991329765845,4.498367722691764,4.027896374669715,4.092560875656554,4.103674435265418,3.7425216823191825,4.885344116558813,4.895183017039764,4.384614740107882
exponential, true, 1, -1, 400,12345,3,4.07012807316591,4.26255603615198,2.33462930279033,3.5214626619320497,3.6720784988880046,2.0661257966055095,4.4872682201082545,4.693290858020869,2.536006932428945
exponential, true, 1, -1, 400,12345,3,4.323647154744527,4.477631611856486,2.6552120860188357,4.321285830034077,4.46517759583808,2.403929664770782,4.344738774905985,4.488788334539641,2.8346995297674464
exponential, true, 1, -1, 400,12345,3,3.732640132204376,3.873224580165743,2.4664655647564033,3.7127528564449395,3.836884201622739,2.2319378965102805,3.7700630612626047,3.9099732775687803,2.6259443791637658
exponential, true, 1, -1, 400,12345,3,4.185966575067596,4.291254405530346,3.0783877104299586,3.691457314949269,3.785551106923995,2.6699712561031297,4.762183869056523,4.85610428876902,3.5829021540101595
exponential, true, 1, -1, 400,12345,3,3.874754078235628,3.965142929668934,2.8561703320915437,3.7480302592842083,3.931457833540199,1.9699135647405932,4.046145965088069,4.005321538304411,4.248859537928751
exponential, true, 1, -1, 600,12345,3,4.143138635759776,4.2771207583862605,2.79991204816113,3.9704895166802743,4.143589364577717,2.2561175719534825,4.349476761358248,4.4257198970214535,3.448282385177941
exponential, true, 1, -1, 600,12345,3,4.2606867815728915,4.329652194091806,3.347524334616629,3.755473292292786,3.8552013672837346,2.713404299782897,4.774817836475634,4.780714599860035,4.42925851168594
exponential, true, 1, -1, 600,12345,3,4.446917996214106,4.55928973664927,3.093127047345026,3.8097775393968925,3.9480930805631087,2.1362793990497466,5.052220992922031,5.125608316589243,4.0117007897084935
exponential, true, 1, -1, 600,12345,3,4.152933845572201,4.299627619343229,2.630828377890015,3.520734438534153,3.6351519115077595,2.064232527846912,4.748600542790067,4.928506414258943,3.0380691451084942
exponential, true, 1, -1, 600,12345,3,4.319823708083668,4.4243605873921785,3.118524117552318,4.1033995878935485,4.310946262157788,2.1122094630056614,4.517317509128535,4.519887418378194,4.343602827435203
exponential, true, 1, -1, 600,12345,3,3.877817298496734,4.011896854545904,2.6083214294705863,3.4816054493283466,3.734887002671211,1.5868649581722318,4.263428073379089,4.261595875954082,4.140506136418118
exponential, true, 1, -1, 600,12345,3,4.2091868052906785,4.320306054174182,2.911598076319814,4.150362409034563,4.3073547309363525,2.3568818688491993,4.275995154739244,4.332088160730814,3.4663142837904286
exponential, true, 1, -1, 600,12345,3,4.462313148208096,4.529325826122632,3.5832683773586793,4.124824423992226,4.246386508234167,2.359687082322542,4.775101843242436,4.785922517862867,4.489624892200261
exponential, true, 1, -1, 600,12345,3,4.308687301910617,4.39955517295285,3.1541301891894813,4.057200378890888,4.222917109255389,2.2483961067552096,4.572363893072004,4.570535789770316,4.376871200475748
exponential, true, 1, -1, 600,12345,3,4.346208259114893,4.423692985503873,3.321689505135097,3.9139005829371616,4.03051870988326,2.5220215106905606,4.801809968331869,4.819716350078254,4.361257897912996
exponential, true, 1, -1, 600,12345,3,4.025060097922876,4.199562376446173,2.3261479497996733,3.6357181762202733,3.851074826532582,1.8269841303336911,4.32536204185399,4.45069467432041,2.825311769265655
exponential, true, 1, -1, 600,12345,3,4.043995755181659,4.190974665336853,2.616379984854218,4.0054750845833516,4.158715147128686,2.474735935700623,4.092882303933797,4.222527770737539,2.758024034007812
exponential, true, 1, -1, 600,12345,3,4.14166573198127,4.2595044028516575,2.824260096931215,3.803836018933558,3.9291441574010557,2.350875995399278,4.550705283116856,4.647546595920623,3.376541548718477
exponential, true, 1, -1, 600,12345,3,4.0536587161569635,4.11448662240934,3.2207651639135335,3.575921253289913,3.709936523487096,1.6665315522306523,4.530966645482689,4.5118126124222595,4.580719574136055
exponential, true, 1, -1, 600,12345,3,4.040026936117124,4.093203410789832,3.32104821972514,3.6915845355530292,3.821552315166118,2.0917367649025143,4.357987604938389,4.329980379272665,4.5503596745477655
exponential, true, 1, -1, 600,12345,3,4.361793866489106,4.432848229858938,3.4356731816524997,4.022362930699055,4.178639775598686,2.1364689052812835,4.669797237857819,4.65356300264571,4.680743946508247
exponential, true, 1, -1, 600,12345,3,3.9175971080323473,4.049717738207476,2.5726304816090133,3.8303535106980755,4.001189990701319,1.9470273585498945,4.020124809919285,4.10043470740564,3.1550885616985362
exponential, true, 1, -1, 600,12345,3,4.203943852882927,4.262648542317902,3.394311104142861,3.535657767534,3.586145458447711,2.7419912526853514,4.763280117521432,4.825284770487169,3.8710063802079637
exponential, true, 1, -1, 600,12345,3,4.308501063666157,4.46474680385146,2.748038934229199,3.8531779203958076,3.964364931191573,2.4124552104732233,4.719961023040886,4.921080976453262,2.958977274875814
exponential, true, 1, -1, 600,12345,3,4.309046955822779,4.403527301511175,3.185935376169779,4.174141282883101,4.324985656436328,2.1745230642356956,4.4579625890199495,4.483801482874436,4.047508827076593
exponential, true, 1, -1, 1000,12345,3,4.133841414866452,4.256792491045605,2.816412924395604,3.807198117265762,3.943087406994303,2.3254810672823973,4.498206384717006,4.59927785803739,3.354100196471973
exponential, true, 1, -1, 1000,12345,3,4.39139894288059,4.565245026171636,2.6086448337923787,3.852662944895452,4.04564937230429,2.007249897450167,4.910699450331023,5.052712164128195,3.279969413895309
exponential, true, 1, -1, 1000,12345,3,4.27765514311642,4.388182829044817,3.038531937146038,3.8574034499621406,4.02276266423944,2.0698732524191024,4.646051402196126,4.699603657755475,3.941145711550682
exponential, true, 1, -1, 1000,12345,3,3.955345086287207,4.047769556731597,2.8737599212780047,3.721020482101262,3.9107749027812635,1.962792562623315,4.1812502734531956,4.171149835134073,4.226408423522846
exponential, true, 1, -1, 1000,12345,3,4.504695786877273,4.593949817889747,3.344271651895228,4.212303633287589,4.354857275681005,2.317079994228791,4.771660064516154,4.807128444480769,4.243064352353359
exponential, true, 1, -1, 1000,12345,3,4.271283783247861,4.325742678991855,3.510851153286395,3.9188940739037608,4.01426404478842,2.6121494445687783,4.645431649960412,4.64954354487807,4.460907245359303
exponential, true, 1, -1, 1000,12345,3,4.09930345134602,4.280945455641161,2.42421628284035,3.8844909665573493,4.0910626142277176,2.2417650323816756,4.286292955335846,4.434914842139373,2.6299591822937516
exponential, true, 1, -1, 1000,12345,3,3.9851881339437565,4.109627759495341,2.6830820507102446,3.741362892445798,3.9297328216649166,1.580792922699217,4.266441854296655,4.314919629725345,3.737445564459922
exponential, true, 1, -1, 1000,12345,3,4.104370277572224,4.123674760534266,3.7719723828403158,3.644501819555891,3.725115750484484,2.2642501527857877,4.516591250817904,4.479473390963318,4.9129513677464445
exponential, true, 1, -1, 1000,12345,3,4.181122443105657,4.278020817270716,3.046895061350064,3.9596649946057143,4.124391997880839,2.1150406787430924,4.392842034298276,4.419436466918307,3.978749443957033
exponential, true, 1, -1, 1000,12345,3,4.1423951999619675,4.301168197330246,2.5408437920633724,3.501493624208378,3.6372747902069062,2.294214184169469,4.708465527578215,4.8650043496121835,2.8218868336168894
exponential, true, 1, -1, 1000,12345,3,4.3137516386076795,4.43209850499324,2.993112199666026,4.108316188544347,4.266699600397356,2.3255617590400206,4.518701114401298,4.591463543970829,3.6451382114402624
exponential, true, 1, -1, 1000,12345,3,4.268324509957481,4.474586989981583,2.3535389915394838,4.032099855510658,4.2475550492508996,2.075703403342044,4.519372792079045,4.707230956213471,2.660931557204738
exponential, true, 1, -1, 1000,12345,3,4.174845734918011,4.229678269355778,3.4090405248172186,3.892086940255719,3.9719012533070615,2.8135595912623095,4.445775601883302,4.46873703735116,4.021535199330839
exponential, true, 1, -1, 1000,12345,3,4.213708862546283,4.303965510354208,3.0980528603092203,4.075683541120527,4.207343524674158,2.280542264468143,4.359566392170391,4.401429517695968,3.798776228173002
exponential, true, 1, -1, 1000,12345,3,4.459222847912694,4.549796219717094,3.2864835912305264,4.169631718188705,4.277870320155632,2.351199133943825,4.715706388020136,4.790154346824356,3.8436743317417528
exponential, true, 1, -1, 1000,12345,3,4.405678337647451,4.502485154974118,3.21129786549375,4.200995639470102,4.307533419423016,3.056344362788247,4.602674298044276,4.678908419791021,3.4118259278185175
exponential, true, 1, -1, 1000,12345,3,4.012789636751499,4.160661983290674,2.474595954908671,3.7417249506249477,3.908206094016326,2.2413078499484453,4.278775247153451,4.39493249071051,2.7796650152412736
exponential, true, 1, -1, 1000,12345,3,4.231949414475083,4.408571588445037,2.5952195846822153,4.076025437667129,4.277836441222574,2.1434059745958316,4.377158380015915,4.525820373111922,2.9873596990968148
exponential, true, 1, -1, 1000,12345,3,4.450488568625598,4.578859112288856,3.003123749736632,4.030502318848913,4.163382491260763,2.540739530939171,4.855356078397797,4.969688815120375,3.4655079685340917
exponential, true, 1, -1, 1500,12345,3,4.225959062299769,4.342859923322339,2.908894044383705,3.8243881682570486,3.955271357844117,2.391243132014032,4.645644951828539,4.740152473503258,3.487961166695546
exponential, true, 1, -1, 1500,12345,3,4.306496887333238,4.399711632912755,3.218774009974992,3.8531150984708367,4.003610527167518,2.128175879457261,4.71874214831391,4.75440464507253,4.240127814745566
exponential, true, 1, -1, 1500,12345,3,4.157730396271742,4.255546514136641,2.999122499385511,3.8775767159708416,4.056859993312508,2.087395894927737,4.417162157258355,4.431432942407185,4.151682546530244
exponential, true, 1, -1, 1500,12345,3,4.321765572543386,4.5226284087611,2.4584754368492745,3.9881116959296925,4.2238827147375,1.9472905947687251,4.659900313307007,4.816987235031044,3.0437450386516445
exponential, true, 1, -1, 1500,12345,3,4.050597441718156,4.200953623591465,2.5497559272945427,3.799009596873393,3.9742691406094384,2.1142668981920867,4.282036888314332,4.403361743305587,2.9790236845526827
exponential, true, 1, -1, 1500,12345,3,4.069905554294198,4.165513530364623,2.979344972480461,3.697586952897927,3.837813315985178,1.988517536357674,4.439883977947633,4.490368301493295,3.850072113315637
exponential, true, 1, -1, 1500,12345,3,4.145819679210604,4.233451188499152,3.0756229920088165,3.8083709983276273,3.9652868428799057,2.122516596096001,4.452464661817002,4.4691880521073815,4.15003383831053
exponential, true, 1, -1, 1500,12345,3,4.286846530570181,4.4411674490252775,2.72036076866302,3.936245060269278,4.089760685755017,2.2511666058220214,4.623468135465298,4.776944930141474,3.119809853243871
exponential, true, 1, -1, 1500,12345,3,4.225954883995759,4.379379174425353,2.672697876322543,3.9798022903483763,4.160407075702104,2.08343297322009,4.47017517885295,4.593584101188002,3.2204652510374996
exponential, true, 1, -1, 1500,12345,3,4.207366148489717,4.2798742882261,3.266843772007166,4.016996582626371,4.154974681111118,2.4569209986759133,4.402701619400438,4.402105100317247,4.329867412004435
exponential, true, 1, -1, 1500,12345,3,4.477582204392708,4.548213766160344,3.5283917537526666,4.111103864693263,4.188250266495481,2.933245490198472,4.801781845293979,4.865370795594771,3.9699518847767488
exponential, true, 1, -1, 1500,12345,3,4.122369351263154,4.280260845227397,2.5086211156264433,4.006620779196309,4.190375365871392,2.053343597141185,4.238760246852706,4.367037893020666,2.9254244776199907
exponential, true, 1, -1, 1500,12345,3,4.378334099171901,4.51748031087196,2.888515875200045,4.159125676766306,4.321281256833942,2.2913808216736578,4.584806720683837,4.700396495243096,3.384726694327607
exponential, true, 1, -1, 1500,12345,3,4.1652488815587105,4.254704279353807,3.149664610723037,3.73273651603407,3.867772332012288,2.2596137495069404,4.57478956517497,4.613959467488576,4.054071130991008
exponential, true, 1, -1, 1500,12345,3,4.02466651699751,4.131676003791881,2.8263188555405665,3.798615702486681,3.9437337164952906,2.022832232564521,4.250735562718659,4.317984010329373,3.5116456810201355
exponential, true, 1, -1, 1500,12345,3,4.181403722999095,4.2912596660202125,2.9292360861132267,3.7865725758315913,3.9348419173777036,1.9706211498381703,4.5769680145141605,4.647677414662724,3.7716552725367634
exponential, true, 1, -1, 1500,12345,3,4.207246925865087,4.287466162404254,3.2251871715877507,3.9368507300752076,4.059986875157298,2.4996992240593054,4.477638841879116,4.508779819897002,4.015450828716951
exponential, true, 1, -1, 1500,12345,3,4.251011019516167,4.34415582868121,3.125559428164373,3.8152929523358505,3.945364198714666,2.297804268789144,4.671613514977319,4.721603681269251,3.981857868897367
exponential, true, 1, -1, 1500,12345,3,4.174036743367422,4.262462163424718,3.076772849514249,3.9967944627722543,4.123837158023168,2.503263058854086,4.3380516866409,4.38648508207399,3.660344215449152
exponential, true, 1, -1, 1500,12345,3,4.00509955037235,4.171465111188763,2.4828272664425377,3.471624676487093,3.6611410619212226,1.8413993343416932,4.516991335011888,4.650993743690179,3.177707526218455
exponential, true, 1, -1, 2000,12345,3,4.26057365322902,4.398211897730044,2.7749238342041687,3.8230333946695008,3.9817590330653814,2.220421264832116,4.710751394071968,4.817407591360663,3.4276926816927924
exponential, true, 1, -1, 2000,12345,3,4.117081244024177,4.2083849181118955,3.0418885796159536,3.788943941105197,3.951104030777225,2.081967194951005,4.4152977093052925,4.435149871979471,4.102854320561421
exponential, true, 1, -1, 2000,12345,3,4.386212496984964,4.517553800016848,2.9280540725703994,4.053626619081579,4.241116686049958,2.0807888933453085,4.709737549501281,4.781023714607898,3.838079635441796
exponential, true, 1, -1, 2000,12345,3,4.039490946305579,4.191818662193807,2.5414093987908375,3.7988568574710073,3.9996847251466257,1.9638673912925575,4.276689911784678,4.3754547659950935,3.1911441572264017
exponential, true, 1, -1, 2000,12345,3,4.142769030161514,4.201529975488151,3.360443440808112,3.803180462980224,3.9166613259064644,2.2339067569154483,4.453128063980561,4.460608047741436,4.313666788717287
exponential, true, 1, -1, 2000,12345,3,4.225721366091112,4.374116318171333,2.6978588978202196,3.8062780521786594,3.956303968212773,2.3473420735629116,4.614173752041659,4.752991182112809,3.060325159268119
exponential, true, 1, -1, 2000,12345,3,4.224821680414196,4.343986974227376,2.8772696613881767,3.97455274998446,4.1272164175275,2.285345053279335,4.474049403641426,4.55585216272606,3.491117403130679
exponential, true, 1, -1, 2000,12345,3,4.336485361553797,4.4295962545831005,3.1786153239701966,4.121095885109453,4.232956228426335,2.3794609643319866,4.539846468131456,4.616684600483017,3.699802949821203
exponential, true, 1, -1, 2000,12345,3,4.217188978217983,4.333046794134306,2.8707304355874963,3.9909103009138214,4.100337740044502,2.7285244073949797,4.433819679898377,4.551763848136441,3.011180833802329
exponential, true, 1, -1, 2000,12345,3,4.349426900548069,4.4957126054267205,2.8066351103070772,4.072809487114136,4.238941032116304,2.212943382763996,4.606799882205908,4.7337753735012,3.306586038764411
exponential, true, 1, -1, 2000,12345,3,4.031648560430666,4.132814636249674,2.8982167331329554,3.733812375315714,3.8872363335169022,2.0290609472071526,4.324461011369142,4.37126324632244,3.7570254263691645
exponential, true, 1, -1, 2000,12345,3,4.185832251956261,4.307822839416862,2.8407250080403808,3.8071176934686792,3.9696631948427394,1.9154488838193824,4.560294811478446,4.641214506356,3.672433883744649
exponential, true, 1, -1, 2000,12345,3,4.201200266687151,4.301874715652351,3.0187457257273413,3.920103807610634,4.051421584313337,2.49553134348888,4.4810234403549,4.544291917643574,3.626805683463932
exponential, true, 1, -1, 2000,12345,3,4.250737337816732,4.339430095810617,3.155121168607202,3.8795613401202056,4.026438307516793,1.917374722140265,4.591800127529557,4.627369526829358,4.145318325780752
exponential, true, 1, -1, 2000,12345,3,4.036572343253314,4.189018490880248,2.567266518465301,3.6391202123437143,3.830697526900427,1.9533306904570444,4.417765699136956,4.523604519211834,3.263980210924108
exponential, true, 1, -1, 2000,12345,3,4.084089204392402,4.17182580107107,3.013857589562001,3.8819015355678546,4.020664932843386,2.172701237814239,4.276523604939173,4.314235250611897,3.782321417084647
exponential, true, 1, -1, 2000,12345,3,4.1669111773394585,4.288769660706503,2.848874908960717,3.9292114398543463,4.1244535391779875,1.9590680859796972,4.3886220031880105,4.4376650826129165,3.7810534854170235
exponential, true, 1, -1, 2000,12345,3,4.127636312614076,4.212629751117985,3.111451031687391,3.8466754555746783,3.962704118732011,2.312472714783238,4.394114636025297,4.4496099754839795,3.754307148736709
exponential, true, 1, -1, 2000,12345,3,4.155209634710496,4.254643207211475,3.039229003916103,3.9191645254512166,4.0524124399812935,2.4301175698567086,4.403641012686161,4.4638319697625795,3.685939909213733
exponential, true, 1, -1, 2000,12345,3,4.120586497442999,4.215449775998197,2.981271819208587,3.7664491808725495,3.880814821046669,2.5137594631210476,4.434659340456476,4.505037717783168,3.479541567143992
exponential, true, 1, -1, 3000,12345,3,4.265693519332966,4.375035190940384,3.036490059437499,3.8374467673261456,3.9889191432256994,2.2056650616299915,4.680692705236877,4.744136885450849,3.9085129910205847
exponential, true, 1, -1, 3000,12345,3,4.237740290100011,4.369947907004601,2.8106110759526413,3.9300149245863922,4.133390085485391,2.0522618081189967,4.53366905012898,4.589383131463743,3.7924025387729854
exponential, true, 1, -1, 3000,12345,3,4.062860143253131,4.172082923137854,2.8559606638877493,3.755168206158,3.9169928061164994,1.9740680412431943,4.354663095601837,4.411691212308919,3.696835025013953
exponential, true, 1, -1, 3000,12345,3,4.216569544418475,4.341523546147509,2.849588939419565,3.8733547931126715,4.029278581424039,2.18145896435438,4.53470293178908,4.628457248880822,3.4769170839464145
exponential, true, 1, -1, 3000,12345,3,4.215465395823344,4.309468148485614,3.072772604354218,3.9922487324748253,4.12071267719253,2.4969087299129273,4.438007184643082,4.494310890209386,3.695328144290749
exponential, true, 1, -1, 3000,12345,3,4.2976833672229136,4.395213670964887,3.0885861508004333,4.04757709615617,4.13422269247812,2.8414788135635245,4.528986554273871,4.637160832397356,3.279708231944604
exponential, true, 1, -1, 3000,12345,3,4.2761400440641975,4.398423883919345,2.9651084397427265,3.958290765040552,4.123338000801289,2.095568851319716,4.5735039316467105,4.6560254948053075,3.7095344183207004
exponential, true, 1, -1, 3000,12345,3,4.0998895497975605,4.21610854025324,2.822065200775099,3.7841227373660167,3.941339949967437,1.9933117609561242,4.413093446009925,4.487892678073955,3.593881381369868
exponential, true, 1, -1, 3000,12345,3,4.231893781815012,4.322884349211765,3.1291165209230636,3.8813619823468857,4.018130085788416,2.3067562962091173,4.573423198155221,4.615129237349479,4.010216761688006
exponential, true, 1, -1, 3000,12345,3,4.088907683769719,4.214990362850689,2.757436739961133,3.7291158028254663,3.88891289393378,2.1425082698023306,4.424698715278419,4.514123054924323,3.4011899821586336
exponential, true, 1, -1, 3000,12345,3,4.1312008110786325,4.2163938970753625,3.1068287303084365,3.918127616712364,4.077288067830221,2.0740423816494866,4.334305629339082,4.347299803754484,4.1396150789673865
exponential, true, 1, -1, 3000,12345,3,4.12109718901809,4.228205173422169,2.923248905105558,3.855143920566456,4.012880805678437,2.0662991576630985,4.366905315973693,4.4259612350110995,3.6951578379163212
exponential, true, 1, -1, 3000,12345,3,4.146055843981146,4.264820550124262,2.8679523656785992,3.8690589206677433,4.022476365295195,2.298081479305205,4.414566394820968,4.49543562138153,3.474294988779893
exponential, true, 1, -1, 3000,12345,3,4.191355625286371,4.301686558552626,2.934673451246708,3.8405658652379837,3.992767466254771,2.1218665647119628,4.512061816499221,4.581337382769711,3.6898798497593086
exponential, true, 1, -1, 3000,12345,3,4.197875261282381,4.308220490082352,2.9511312683141138,3.870668044362375,4.034842923951037,1.921528485024374,4.5101449629986154,4.568986600004646,3.8481336931498715
exponential, true, 1, -1, 3000,12345,3,4.1467462529987476,4.238952204717785,3.0748603713035405,3.8001100407595256,3.9008451429912228,2.5851987092905664,4.471067456968524,4.554550387072206,3.5071398072993683
exponential, true, 1, -1, 3000,12345,3,4.094919672963064,4.2137717960291425,2.77968956062021,3.733724486584514,3.8920095707242868,2.0678502157570713,4.448279333171414,4.523812683126458,3.5444756336136645
exponential, true, 1, -1, 3000,12345,3,4.220432050692054,4.326397386245285,3.0129255616071684,3.916668854842814,4.097586962146256,1.8866741504731706,4.514984020843456,4.545931712070064,4.130020457203487
exponential, true, 1, -1, 3000,12345,3,4.091277147895318,4.187299768325313,2.9726762898650794,3.9125445456587085,4.033552490111529,2.399446740792887,4.272003430633047,4.34238981752786,3.4827151799844267
exponential, true, 1, -1, 3000,12345,3,4.060422500361308,4.145467096121866,3.0433060539916514,3.719856631024213,3.823536040241382,2.496899566443796,4.386953625727638,4.450836512059225,3.585081978085717
exponential, true, 1, -1, 5000,12345,3,4.250300729596929,4.35359105328134,3.0461277280986288,3.8817940261604718,4.037029081636413,2.217384306815979,4.59934219710096,4.648110538645586,3.9625688659191307
exponential, true, 1, -1, 5000,12345,3,4.130894828794013,4.210084090778905,3.1574019458396045,3.836180059006985,3.973026277206706,2.147373063474943,4.414267754859529,4.437097081742155,4.115634475262488
exponential, true, 1, -1, 5000,12345,3,4.221115983943852,4.322536388372674,3.020603758667682,3.9235504579726763,4.057614478341465,2.4350033949262446,4.507801034572199,4.573792136448773,3.6560424512381813
exponential, true, 1, -1, 5000,12345,3,4.318033408192327,4.435814928447382,2.9608361046472846,4.056935825204219,4.173154686694292,2.581588805140637,4.5588739695944485,4.6797452032969025,3.259177313592515
exponential, true, 1, -1, 5000,12345,3,4.130099871404095,4.249233304271052,2.818180049311199,3.8094946227124025,3.9709766304747283,2.004382378761449,4.449484202120344,4.525915168855621,3.6052331954766825
exponential, true, 1, -1, 5000,12345,3,4.156128091425445,4.270064166772816,2.8884581120349977,3.790138011600641,3.954073124837172,2.015438207177765,4.496354395215621,4.561289774994287,3.740691828681345
exponential, true, 1, -1, 5000,12345,3,4.170546425359347,4.277748040058229,2.947436685028727,3.945351771916948,4.11596807360278,1.9970189137668457,4.380743166848289,4.428113040379906,3.8257848622612705
exponential, true, 1, -1, 5000,12345,3,4.095445667335212,4.17124357601025,3.168502618329762,3.807134261699867,3.9172062750767207,2.4768103402658173,4.371553821394463,4.412621923603349,3.8458593051384913
exponential, true, 1, -1, 5000,12345,3,4.206451874014276,4.338916077105961,2.785947399492523,3.857096914134667,4.039954826810212,1.9400725204644553,4.531057601400938,4.61413628693707,3.6046611585518002
exponential, true, 1, -1, 5000,12345,3,4.0990855934001145,4.187484947252784,3.0586814401656177,3.7873486285280613,3.9019943500845513,2.352706707453135,4.3925680666158975,4.457416487794612,3.655790910357014
exponential, true, 1, -1, 5000,12345,3,4.196688523265573,4.308909403228105,2.923568074045931,3.857563278622468,4.03069193470886,2.0666190601329886,4.530312039387557,4.577131034555045,3.926380749901503
exponential, true, 1, -1, 5000,12345,3,4.0744370211822,4.153886665021528,3.1009659608361875,3.8090604335924825,3.910549035333408,2.511570978659326,4.333622435536997,4.391703363899117,3.634368419706245
exponential, true, 1, -1, 5000,12345,3,4.152602619301611,4.237519649049768,3.112510985738226,3.8179662692812784,3.92245430239201,2.468001007977966,4.474296167167576,4.541198705543448,3.677647813528013
exponential, true, 1, -1, 5000,12345,3,4.14360234797407,4.26589952200387,2.8379533419333125,3.928077260285707,4.074198635563127,2.411738727764537,4.354919982065201,4.451408519347658,3.27824108015483
exponential, true, 1, -1, 5000,12345,3,4.207081333055631,4.330261465900566,2.8410491487944434,3.8498407925184432,3.99334943852982,2.2546331547320313,4.5505709978991336,4.65250638836658,3.4053362374205336
exponential, true, 1, -1, 5000,12345,3,4.2691889025431236,4.379395509711026,2.970937122640193,3.939089357771933,4.085572030842051,2.1931005685654843,4.595800100452666,4.669416268836233,3.725438580092659
exponential, true, 1, -1, 5000,12345,3,4.202656644942457,4.334105596946117,2.819206156625743,3.9514706513590174,4.117423928319268,2.249269468381548,4.450646647983145,4.546463032706667,3.410448889290283
exponential, true, 1, -1, 5000,12345,3,4.128069163675792,4.254553062049202,2.774255904343486,3.923349172580294,4.108323441942883,2.169122146319099,4.330128107057533,4.394642792365252,3.5243696252278838
exponential, true, 1, -1, 5000,12345,3,4.160445042783052,4.268049474402808,2.932920952195319,3.8414617260168544,4.004668779328441,2.093691065405039,4.4772811039560585,4.52575875054791,3.8683125968469803
exponential, true, 1, -1, 5000,12345,3,4.202897050940919,4.291973907373297,3.1074612960353076,3.944635420323405,4.072244201086045,2.355406008398745,4.461294655741406,4.511228625103928,3.8399318105563367